fecha,anio,mes,concepto_descripcion,concepto_codigo,nivel_jerarquia,valor_millones_pesos,fuente_archivo
2019-01-01,2019,1,GASTOS PRIMARIOS,GASTOS_PRIMARIOS,0,264995.39999999997,aif-enero2020.xlsx
2019-01-01,2019,1,INGRESOS TOTALES,INGRESOS_TOTALES,0,281653.0,aif-enero2020.xlsx
2019-01-01,2019,1,RESULTADO FINANCIERO NETO (*),RESULTADO_FINANCIERO,0,-60037.90000000002,aif-enero2020.xlsx
2019-01-01,2019,1,RESULTADO PRIMARIO,RESULTADO_PRIMARIO,0,16657.599999999977,aif-enero2020.xlsx
2019-02-01,2019,2,GASTOS PRIMARIOS,GASTOS_PRIMARIOS,0,249863.0,2020.02-aif-imig.xlsx
2019-02-01,2019,2,INGRESOS TOTALES,INGRESOS_TOTALES,0,256589.4,2020.02-aif-imig.xlsx
2019-02-01,2019,2,RESULTADO FINANCIERO,RESULTADO_FINANCIERO,0,-4905.900000000005,2020.02-aif-imig.xlsx
2019-02-01,2019,2,RESULTADO PRIMARIO,RESULTADO_PRIMARIO,0,6726.399999999994,2020.02-aif-imig.xlsx
2019-03-01,2019,3,GASTOS PRIMARIOS,GASTOS_PRIMARIOS,0,274320.5,aif-20200420-imig_marzo.xls
2019-03-01,2019,3,INGRESOS TOTALES,INGRESOS_TOTALES,0,261283.49999999997,aif-20200420-imig_marzo.xls
2019-03-01,2019,3,RESULTADO FINANCIERO,RESULTADO_FINANCIERO,0,-49838.40000000003,aif-20200420-imig_marzo.xls
2019-03-01,2019,3,RESULTADO PRIMARIO,RESULTADO_PRIMARIO,0,-13037.00000000003,aif-20200420-imig_marzo.xls
2019-04-01,2019,4,GASTOS PRIMARIOS,GASTOS_PRIMARIOS,0,276928.60000000003,resultado-fiscal-abril-2020.xls
2019-04-01,2019,4,INGRESOS TOTALES,INGRESOS_TOTALES,0,277427.10000000003,resultado-fiscal-abril-2020.xls
2019-04-01,2019,4,RESULTADO FINANCIERO,RESULTADO_FINANCIERO,0,-66072.90000000001,resultado-fiscal-abril-2020.xls
2019-04-01,2019,4,RESULTADO PRIMARIO,RESULTADO_PRIMARIO,0,498.5,resultado-fiscal-abril-2020.xls
2019-05-01,2019,5,GASTOS PRIMARIOS,GASTOS_PRIMARIOS,0,294374.3,resultado_fiscal_mayo-20.xls
2019-05-01,2019,5,INGRESOS TOTALES,INGRESOS_TOTALES,0,320348.1,resultado_fiscal_mayo-20.xls
2019-05-01,2019,5,RESULTADO FINANCIERO,RESULTADO_FINANCIERO,0,-38634.2,resultado_fiscal_mayo-20.xls
2019-05-01,2019,5,RESULTADO PRIMARIO,RESULTADO_PRIMARIO,0,25973.8,resultado_fiscal_mayo-20.xls
2019-06-01,2019,6,GASTOS PRIMARIOS,GASTOS_PRIMARIOS,0,543139.7000000001,resultado-fiscal_abril-2022.xlsx
2019-06-01,2019,6,GASTOS PRIMARIOS,GASTOS_PRIMARIOS,0,380216.60000000003,resultadojun20_0.xls
2019-06-01,2019,6,INGRESOS TOTALES,INGRESOS_TOTALES,0,475399.7999999998,resultado-fiscal_abril-2022.xlsx
2019-06-01,2019,6,INGRESOS TOTALES,INGRESOS_TOTALES,0,373618.3999999999,resultadojun20_0.xls
2019-06-01,2019,6,RESULTADO FINANCIERO,RESULTADO_FINANCIERO,0,-89282.40000000031,resultado-fiscal_abril-2022.xlsx
2019-06-01,2019,6,RESULTADO FINANCIERO,RESULTADO_FINANCIERO,0,-67712.30000000013,resultadojun20_0.xls
2019-06-01,2019,6,RESULTADO PRIMARIO,RESULTADO_PRIMARIO,0,-67739.90000000031,resultado-fiscal_abril-2022.xlsx
2019-06-01,2019,6,RESULTADO PRIMARIO,RESULTADO_PRIMARIO,0,-6598.200000000128,resultadojun20_0.xls
2019-07-01,2019,7,GASTOS PRIMARIOS,GASTOS_PRIMARIOS,0,371573.80000000005,resultado-fiscal-julio_20.xls
2019-07-01,2019,7,INGRESOS TOTALES,INGRESOS_TOTALES,0,375866.60000000003,resultado-fiscal-julio_20.xls
2019-07-01,2019,7,RESULTADO FINANCIERO,RESULTADO_FINANCIERO,0,-77867.00000000001,resultado-fiscal-julio_20.xls
2019-07-01,2019,7,RESULTADO PRIMARIO,RESULTADO_PRIMARIO,0,4292.799999999988,resultado-fiscal-julio_20.xls
2019-08-01,2019,8,GASTOS PRIMARIOS,GASTOS_PRIMARIOS,0,332677.0,resultado-fiscal-agosto20.xls
2019-08-01,2019,8,INGRESOS TOTALES,INGRESOS_TOTALES,0,346423.1,resultado-fiscal-agosto20.xls
2019-08-01,2019,8,RESULTADO FINANCIERO,RESULTADO_FINANCIERO,0,-14798.000000000022,resultado-fiscal-agosto20.xls
2019-08-01,2019,8,RESULTADO PRIMARIO,RESULTADO_PRIMARIO,0,13746.099999999977,resultado-fiscal-agosto20.xls
2019-09-01,2019,9,GASTOS PRIMARIOS,GASTOS_PRIMARIOS,0,357060.1,resultado_fiscal_sep20.xls
2019-09-01,2019,9,INGRESOS TOTALES,INGRESOS_TOTALES,0,331691.80000000005,resultado_fiscal_sep20.xls
2019-09-01,2019,9,RESULTADO FINANCIERO,RESULTADO_FINANCIERO,0,-76224.09999999993,resultado_fiscal_sep20.xls
2019-09-01,2019,9,RESULTADO PRIMARIO,RESULTADO_PRIMARIO,0,-25368.29999999993,resultado_fiscal_sep20.xls
2019-10-01,2019,10,GASTOS PRIMARIOS,GASTOS_PRIMARIOS,0,346170.2,resultado_fiscal-oct20.xls
2019-10-01,2019,10,INGRESOS TOTALES,INGRESOS_TOTALES,0,354697.1,resultado_fiscal-oct20.xls
2019-10-01,2019,10,RESULTADO FINANCIERO,RESULTADO_FINANCIERO,0,-64247.20000000004,resultado_fiscal-oct20.xls
2019-10-01,2019,10,RESULTADO PRIMARIO,RESULTADO_PRIMARIO,0,8526.899999999965,resultado_fiscal-oct20.xls
2019-11-01,2019,11,GASTOS PRIMARIOS,GASTOS_PRIMARIOS,0,375300.0,resultado_fiscal_noviembre_2020.xls
2019-11-01,2019,11,GASTOS PRIMARIOS,GASTOS_PRIMARIOS,0,444662.69999999995,resultado_fiscal_octubre_2021.xlsx
2019-11-01,2019,11,INGRESOS TOTALES,INGRESOS_TOTALES,0,368902.9999999999,resultado_fiscal_noviembre_2020.xls
2019-11-01,2019,11,INGRESOS TOTALES,INGRESOS_TOTALES,0,317120.7000000001,resultado_fiscal_octubre_2021.xlsx
2019-11-01,2019,11,RESULTADO FINANCIERO,RESULTADO_FINANCIERO,0,-73666.2000000001,resultado_fiscal_noviembre_2020.xls
2019-11-01,2019,11,RESULTADO FINANCIERO,RESULTADO_FINANCIERO,0,-164398.19999999984,resultado_fiscal_octubre_2021.xlsx
2019-11-01,2019,11,RESULTADO PRIMARIO,RESULTADO_PRIMARIO,0,-6397.000000000116,resultado_fiscal_noviembre_2020.xls
2019-11-01,2019,11,RESULTADO PRIMARIO,RESULTADO_PRIMARIO,0,-127541.99999999983,resultado_fiscal_octubre_2021.xlsx
2019-12-01,2019,12,GASTOS PRIMARIOS,GASTOS_PRIMARIOS,0,508715.5,resultado_fiscal_diciembre_2020.xls
2019-12-01,2019,12,INGRESOS TOTALES,INGRESOS_TOTALES,0,388572.4,resultado_fiscal_diciembre_2020.xls
2019-12-01,2019,12,RESULTADO FINANCIERO,RESULTADO_FINANCIERO,0,-225402.69999999995,resultado_fiscal_diciembre_2020.xls
2019-12-01,2019,12,RESULTADO PRIMARIO,RESULTADO_PRIMARIO,0,-120143.09999999998,resultado_fiscal_diciembre_2020.xls
2020-01-01,2020,1,GASTOS PRIMARIOS,GASTOS_PRIMARIOS,0,398990.78800000006,aif-enero2020.xlsx
2020-01-01,2020,1,GASTOS PRIMARIOS,GASTOS_PRIMARIOS,0,398990.8,resultado_fiscal_enero_2021.xls
2020-01-01,2020,1,INGRESOS TOTALES,INGRESOS_TOTALES,0,395224.8,aif-enero2020.xlsx
2020-01-01,2020,1,INGRESOS TOTALES,INGRESOS_TOTALES,0,395224.8,resultado_fiscal_enero_2021.xls
2020-01-01,2020,1,RESULTADO FINANCIERO NETO (*),RESULTADO_FINANCIERO,0,-90818.08799999999,aif-enero2020.xlsx
2020-01-01,2020,1,RESULTADO FINANCIERO,RESULTADO_FINANCIERO,0,-90818.1,resultado_fiscal_enero_2021.xls
2020-01-01,2020,1,RESULTADO PRIMARIO,RESULTADO_PRIMARIO,0,-3765.9880000000703,aif-enero2020.xlsx
2020-01-01,2020,1,RESULTADO PRIMARIO,RESULTADO_PRIMARIO,0,-3766.0,resultado_fiscal_enero_2021.xls
2020-02-01,2020,2,GASTOS PRIMARIOS,GASTOS_PRIMARIOS,0,378411.9,2020.02-aif-imig.xlsx
2020-02-01,2020,2,GASTOS PRIMARIOS,GASTOS_PRIMARIOS,0,378411.9,resultado_fiscal_febrero_2021.xls
2020-02-01,2020,2,INGRESOS TOTALES,INGRESOS_TOTALES,0,350914.8,2020.02-aif-imig.xlsx
2020-02-01,2020,2,INGRESOS TOTALES,INGRESOS_TOTALES,0,350914.8,resultado_fiscal_febrero_2021.xls
2020-02-01,2020,2,RESULTADO FINANCIERO,RESULTADO_FINANCIERO,0,-67577.70000000004,2020.02-aif-imig.xlsx
2020-02-01,2020,2,RESULTADO FINANCIERO,RESULTADO_FINANCIERO,0,-67577.70000000004,resultado_fiscal_febrero_2021.xls
2020-02-01,2020,2,RESULTADO PRIMARIO,RESULTADO_PRIMARIO,0,-27497.100000000035,2020.02-aif-imig.xlsx
2020-02-01,2020,2,RESULTADO PRIMARIO,RESULTADO_PRIMARIO,0,-27497.100000000035,resultado_fiscal_febrero_2021.xls
2020-03-01,2020,3,GASTOS PRIMARIOS,GASTOS_PRIMARIOS,0,466246.1,aif-20200420-imig_marzo.xls
2020-03-01,2020,3,GASTOS PRIMARIOS,GASTOS_PRIMARIOS,0,466246.1,resultado_fiscal_marzo_2021.xls
2020-03-01,2020,3,INGRESOS TOTALES,INGRESOS_TOTALES,0,341518.39999999997,aif-20200420-imig_marzo.xls
2020-03-01,2020,3,INGRESOS TOTALES,INGRESOS_TOTALES,0,341518.39999999997,resultado_fiscal_marzo_2021.xls
2020-03-01,2020,3,RESULTADO FINANCIERO,RESULTADO_FINANCIERO,0,-166305.0,aif-20200420-imig_marzo.xls
2020-03-01,2020,3,RESULTADO FINANCIERO,RESULTADO_FINANCIERO,0,-166305.0,resultado_fiscal_marzo_2021.xls
2020-03-01,2020,3,RESULTADO PRIMARIO,RESULTADO_PRIMARIO,0,-124727.70000000001,aif-20200420-imig_marzo.xls
2020-03-01,2020,3,RESULTADO PRIMARIO,RESULTADO_PRIMARIO,0,-124727.70000000001,resultado_fiscal_marzo_2021.xls
2020-04-01,2020,4,GASTOS PRIMARIOS,GASTOS_PRIMARIOS,0,545070.2999999999,resultado-fiscal-abril-2020.xls
2020-04-01,2020,4,GASTOS PRIMARIOS,GASTOS_PRIMARIOS,0,545070.2999999999,resultado-fiscal-abril21.xls
2020-04-01,2020,4,INGRESOS TOTALES,INGRESOS_TOTALES,0,316248.7,resultado-fiscal-abril-2020.xls
2020-04-01,2020,4,INGRESOS TOTALES,INGRESOS_TOTALES,0,316248.7,resultado-fiscal-abril21.xls
2020-04-01,2020,4,RESULTADO FINANCIERO,RESULTADO_FINANCIERO,0,-266049.49999999994,resultado-fiscal-abril-2020.xls
2020-04-01,2020,4,RESULTADO FINANCIERO,RESULTADO_FINANCIERO,0,-266049.49999999994,resultado-fiscal-abril21.xls
2020-04-01,2020,4,RESULTADO PRIMARIO,RESULTADO_PRIMARIO,0,-228821.59999999992,resultado-fiscal-abril-2020.xls
2020-04-01,2020,4,RESULTADO PRIMARIO,RESULTADO_PRIMARIO,0,-228821.59999999992,resultado-fiscal-abril21.xls
2020-05-01,2020,5,GASTOS PRIMARIOS,GASTOS_PRIMARIOS,0,579407.5,resultado_fiscal_mayo-20.xls
2020-05-01,2020,5,GASTOS PRIMARIOS,GASTOS_PRIMARIOS,0,579407.5,sector_publico_base_caja_-_2206mayo_2021.xls
2020-05-01,2020,5,INGRESOS TOTALES,INGRESOS_TOTALES,0,328120.5,resultado_fiscal_mayo-20.xls
2020-05-01,2020,5,INGRESOS TOTALES,INGRESOS_TOTALES,0,328120.5,sector_publico_base_caja_-_2206mayo_2021.xls
2020-05-01,2020,5,RESULTADO FINANCIERO,RESULTADO_FINANCIERO,0,-308219.1,resultado_fiscal_mayo-20.xls
2020-05-01,2020,5,RESULTADO FINANCIERO,RESULTADO_FINANCIERO,0,-308219.1,sector_publico_base_caja_-_2206mayo_2021.xls
2020-05-01,2020,5,RESULTADO PRIMARIO,RESULTADO_PRIMARIO,0,-251287.0,resultado_fiscal_mayo-20.xls
2020-05-01,2020,5,RESULTADO PRIMARIO,RESULTADO_PRIMARIO,0,-251287.0,sector_publico_base_caja_-_2206mayo_2021.xls
2020-06-01,2020,6,GASTOS PRIMARIOS,GASTOS_PRIMARIOS,0,656605.2,resultado_fiscal_junio_2021.xls
2020-06-01,2020,6,GASTOS PRIMARIOS,GASTOS_PRIMARIOS,0,656605.2,resultadojun20_0.xls
2020-06-01,2020,6,INGRESOS TOTALES,INGRESOS_TOTALES,0,402899.00000000006,resultado_fiscal_junio_2021.xls
2020-06-01,2020,6,INGRESOS TOTALES,INGRESOS_TOTALES,0,402899.00000000006,resultadojun20_0.xls
2020-06-01,2020,6,RESULTADO FINANCIERO,RESULTADO_FINANCIERO,0,-288565.1999999999,resultado_fiscal_junio_2021.xls
2020-06-01,2020,6,RESULTADO FINANCIERO,RESULTADO_FINANCIERO,0,-288565.1999999999,resultadojun20_0.xls
2020-06-01,2020,6,RESULTADO PRIMARIO,RESULTADO_PRIMARIO,0,-253706.1999999999,resultado_fiscal_junio_2021.xls
2020-06-01,2020,6,RESULTADO PRIMARIO,RESULTADO_PRIMARIO,0,-253706.1999999999,resultadojun20_0.xls
2020-07-01,2020,7,GASTOS PRIMARIOS,GASTOS_PRIMARIOS,0,591730.4,resultado-fiscal-julio_20.xls
2020-07-01,2020,7,GASTOS PRIMARIOS,GASTOS_PRIMARIOS,0,591730.4,resultado_fiscal_julio_2021.xls
2020-07-01,2020,7,INGRESOS TOTALES,INGRESOS_TOTALES,0,436206.6,resultado-fiscal-julio_20.xls
2020-07-01,2020,7,INGRESOS TOTALES,INGRESOS_TOTALES,0,436206.6,resultado_fiscal_julio_2021.xls
2020-07-01,2020,7,RESULTADO FINANCIERO,RESULTADO_FINANCIERO,0,-189089.40000000005,resultado-fiscal-julio_20.xls
2020-07-01,2020,7,RESULTADO FINANCIERO,RESULTADO_FINANCIERO,0,-189089.40000000005,resultado_fiscal_julio_2021.xls
2020-07-01,2020,7,RESULTADO PRIMARIO,RESULTADO_PRIMARIO,0,-155523.80000000005,resultado-fiscal-julio_20.xls
2020-07-01,2020,7,RESULTADO PRIMARIO,RESULTADO_PRIMARIO,0,-155523.80000000005,resultado_fiscal_julio_2021.xls
2020-08-01,2020,8,GASTOS PRIMARIOS,GASTOS_PRIMARIOS,0,522032.60000000003,resultado-fiscal-agosto20.xls
2020-08-01,2020,8,GASTOS PRIMARIOS,GASTOS_PRIMARIOS,0,522032.60000000003,resultado_fiscal_agosto_2021.xls
2020-08-01,2020,8,INGRESOS TOTALES,INGRESOS_TOTALES,0,432533.20000000007,resultado-fiscal-agosto20.xls
2020-08-01,2020,8,INGRESOS TOTALES,INGRESOS_TOTALES,0,432533.20000000007,resultado_fiscal_agosto_2021.xls
2020-08-01,2020,8,RESULTADO FINANCIERO,RESULTADO_FINANCIERO,0,-145551.99999999994,resultado-fiscal-agosto20.xls
2020-08-01,2020,8,RESULTADO FINANCIERO,RESULTADO_FINANCIERO,0,-145551.99999999994,resultado_fiscal_agosto_2021.xls
2020-08-01,2020,8,RESULTADO PRIMARIO,RESULTADO_PRIMARIO,0,-89499.39999999997,resultado-fiscal-agosto20.xls
2020-08-01,2020,8,RESULTADO PRIMARIO,RESULTADO_PRIMARIO,0,-89499.39999999997,resultado_fiscal_agosto_2021.xls
2020-09-01,2020,9,GASTOS PRIMARIOS,GASTOS_PRIMARIOS,0,612806.0700000001,resultado_fiscal_sep20.xls
2020-09-01,2020,9,GASTOS PRIMARIOS,GASTOS_PRIMARIOS,0,612806.0800000001,sep-2127102021.xls
2020-09-01,2020,9,INGRESOS TOTALES,INGRESOS_TOTALES,0,445624.58,resultado_fiscal_sep20.xls
2020-09-01,2020,9,INGRESOS TOTALES,INGRESOS_TOTALES,0,445624.58,sep-2127102021.xls
2020-09-01,2020,9,RESULTADO FINANCIERO,RESULTADO_FINANCIERO,0,-212020.19000000006,resultado_fiscal_sep20.xls
2020-09-01,2020,9,RESULTADO FINANCIERO,RESULTADO_FINANCIERO,0,-212020.20000000007,sep-2127102021.xls
2020-09-01,2020,9,RESULTADO PRIMARIO,RESULTADO_PRIMARIO,0,-167181.49000000005,resultado_fiscal_sep20.xls
2020-09-01,2020,9,RESULTADO PRIMARIO,RESULTADO_PRIMARIO,0,-167181.50000000006,sep-2127102021.xls
2020-10-01,2020,10,GASTOS PRIMARIOS,GASTOS_PRIMARIOS,0,535952.7,resultado_fiscal-oct20.xls
2020-10-01,2020,10,GASTOS PRIMARIOS,GASTOS_PRIMARIOS,0,535952.7,resultado_fiscal_octubre_2021.xlsx
2020-10-01,2020,10,INGRESOS TOTALES,INGRESOS_TOTALES,0,454325.99999999994,resultado_fiscal-oct20.xls
2020-10-01,2020,10,INGRESOS TOTALES,INGRESOS_TOTALES,0,454325.99999999994,resultado_fiscal_octubre_2021.xlsx
2020-10-01,2020,10,RESULTADO FINANCIERO,RESULTADO_FINANCIERO,0,-112696.00000000001,resultado_fiscal-oct20.xls
2020-10-01,2020,10,RESULTADO FINANCIERO,RESULTADO_FINANCIERO,0,-112696.00000000001,resultado_fiscal_octubre_2021.xlsx
2020-10-01,2020,10,RESULTADO PRIMARIO,RESULTADO_PRIMARIO,0,-81626.70000000001,resultado_fiscal-oct20.xls
2020-10-01,2020,10,RESULTADO PRIMARIO,RESULTADO_PRIMARIO,0,-81626.70000000001,resultado_fiscal_octubre_2021.xlsx
2020-11-01,2020,11,GASTOS PRIMARIOS,GASTOS_PRIMARIOS,0,527144.5,resultado_fiscal_noviembre_2020.xls
2020-11-01,2020,11,INGRESOS TOTALES,INGRESOS_TOTALES,0,468451.69999999995,resultado_fiscal_noviembre_2020.xls
2020-11-01,2020,11,RESULTADO FINANCIERO,RESULTADO_FINANCIERO,0,-127029.30000000006,resultado_fiscal_noviembre_2020.xls
2020-11-01,2020,11,RESULTADO PRIMARIO,RESULTADO_PRIMARIO,0,-58692.80000000005,resultado_fiscal_noviembre_2020.xls
2020-12-01,2020,12,GASTOS PRIMARIOS,GASTOS_PRIMARIOS,0,777013.6,resultado_fiscal_diciembre_2020.xls
2020-12-01,2020,12,GASTOS PRIMARIOS,GASTOS_PRIMARIOS,0,777013.6,resultado_fiscal_diciembre_2021-1.xlsx
2020-12-01,2020,12,INGRESOS TOTALES,INGRESOS_TOTALES,0,469386.1,resultado_fiscal_diciembre_2020.xls
2020-12-01,2020,12,INGRESOS TOTALES,INGRESOS_TOTALES,0,469386.1,resultado_fiscal_diciembre_2021-1.xlsx
2020-12-01,2020,12,RESULTADO FINANCIERO,RESULTADO_FINANCIERO,0,-318909.0,resultado_fiscal_diciembre_2020.xls
2020-12-01,2020,12,RESULTADO FINANCIERO,RESULTADO_FINANCIERO,0,-318909.0,resultado_fiscal_diciembre_2021-1.xlsx
2020-12-01,2020,12,RESULTADO PRIMARIO,RESULTADO_PRIMARIO,0,-307627.5,resultado_fiscal_diciembre_2020.xls
2020-12-01,2020,12,RESULTADO PRIMARIO,RESULTADO_PRIMARIO,0,-307627.5,resultado_fiscal_diciembre_2021-1.xlsx
2021-01-01,2021,1,GASTOS PRIMARIOS,GASTOS_PRIMARIOS,0,581687.0000000001,resultado_fiscal_enero_2021.xls
2021-01-01,2021,1,GASTOS PRIMARIOS,GASTOS_PRIMARIOS,0,581687.0,resultado_fiscal_enero_2022.xls
2021-01-01,2021,1,INGRESOS TOTALES,INGRESOS_TOTALES,0,605760.6,resultado_fiscal_enero_2021.xls
2021-01-01,2021,1,INGRESOS TOTALES,INGRESOS_TOTALES,0,605760.6000000001,resultado_fiscal_enero_2022.xls
2021-01-01,2021,1,RESULTADO FINANCIERO,RESULTADO_FINANCIERO,0,-3030.3000000001375,resultado_fiscal_enero_2021.xls
2021-01-01,2021,1,RESULTADO FINANCIERO,RESULTADO_FINANCIERO,0,-3030.300000000003,resultado_fiscal_enero_2022.xls
2021-01-01,2021,1,RESULTADO PRIMARIO,RESULTADO_PRIMARIO,0,24073.59999999986,resultado_fiscal_enero_2021.xls
2021-01-01,2021,1,RESULTADO PRIMARIO,RESULTADO_PRIMARIO,0,24073.600000000006,resultado_fiscal_enero_2022.xls
2021-02-01,2021,2,GASTOS PRIMARIOS,GASTOS_PRIMARIOS,0,542654.2999999999,resultado-fiscal_febrero_2022.xlsx
2021-02-01,2021,2,GASTOS PRIMARIOS,GASTOS_PRIMARIOS,0,542654.2999999999,resultado_fiscal_febrero_2021.xls
2021-02-01,2021,2,INGRESOS TOTALES,INGRESOS_TOTALES,0,523897.1000000001,resultado-fiscal_febrero_2022.xlsx
2021-02-01,2021,2,INGRESOS TOTALES,INGRESOS_TOTALES,0,523897.1000000001,resultado_fiscal_febrero_2021.xls
2021-02-01,2021,2,RESULTADO FINANCIERO,RESULTADO_FINANCIERO,0,-64316.49999999988,resultado-fiscal_febrero_2022.xlsx
2021-02-01,2021,2,RESULTADO FINANCIERO,RESULTADO_FINANCIERO,0,-64316.49999999985,resultado_fiscal_febrero_2021.xls
2021-02-01,2021,2,RESULTADO PRIMARIO,RESULTADO_PRIMARIO,0,-18757.19999999987,resultado-fiscal_febrero_2022.xlsx
2021-02-01,2021,2,RESULTADO PRIMARIO,RESULTADO_PRIMARIO,0,-18757.199999999837,resultado_fiscal_febrero_2021.xls
2021-03-01,2021,3,GASTOS PRIMARIOS,GASTOS_PRIMARIOS,0,635041.9,resultado-fiscal_marzo-2022.xlsx
2021-03-01,2021,3,GASTOS PRIMARIOS,GASTOS_PRIMARIOS,0,635041.8,resultado_fiscal_marzo_2021.xls
2021-03-01,2021,3,INGRESOS TOTALES,INGRESOS_TOTALES,0,560576.2,resultado-fiscal_marzo-2022.xlsx
2021-03-01,2021,3,INGRESOS TOTALES,INGRESOS_TOTALES,0,560576.2,resultado_fiscal_marzo_2021.xls
2021-03-01,2021,3,RESULTADO FINANCIERO,RESULTADO_FINANCIERO,0,-117060.5999999999,resultado-fiscal_marzo-2022.xlsx
2021-03-01,2021,3,RESULTADO FINANCIERO,RESULTADO_FINANCIERO,0,-117060.6000000001,resultado_fiscal_marzo_2021.xls
2021-03-01,2021,3,RESULTADO PRIMARIO,RESULTADO_PRIMARIO,0,-74465.7,resultado-fiscal_marzo-2022.xlsx
2021-03-01,2021,3,RESULTADO PRIMARIO,RESULTADO_PRIMARIO,0,-74465.6000000001,resultado_fiscal_marzo_2021.xls
2021-04-01,2021,4,GASTOS PRIMARIOS,GASTOS_PRIMARIOS,0,621626.9,resultado-fiscal-abril21.xls
2021-04-01,2021,4,GASTOS PRIMARIOS,GASTOS_PRIMARIOS,0,621626.9,resultado-fiscal_abril-2022.xlsx
2021-04-01,2021,4,INGRESOS TOTALES,INGRESOS_TOTALES,0,610182.0,resultado-fiscal-abril21.xls
2021-04-01,2021,4,INGRESOS TOTALES,INGRESOS_TOTALES,0,610182.0,resultado-fiscal_abril-2022.xlsx
2021-04-01,2021,4,RESULTADO FINANCIERO,RESULTADO_FINANCIERO,0,-57032.20000000002,resultado-fiscal-abril21.xls
2021-04-01,2021,4,RESULTADO FINANCIERO,RESULTADO_FINANCIERO,0,-57032.19999999996,resultado-fiscal_abril-2022.xlsx
2021-04-01,2021,4,RESULTADO PRIMARIO,RESULTADO_PRIMARIO,0,-11444.900000000023,resultado-fiscal-abril21.xls
2021-04-01,2021,4,RESULTADO PRIMARIO,RESULTADO_PRIMARIO,0,-11444.899999999965,resultado-fiscal_abril-2022.xlsx
2021-05-01,2021,5,GASTOS PRIMARIOS,GASTOS_PRIMARIOS,0,685591.1999999998,may-22.xlsx
2021-05-01,2021,5,GASTOS PRIMARIOS,GASTOS_PRIMARIOS,0,685591.1999999998,sector_publico_base_caja_-_2206mayo_2021.xls
2021-05-01,2021,5,INGRESOS TOTALES,INGRESOS_TOTALES,0,711304.7899999999,may-22.xlsx
2021-05-01,2021,5,INGRESOS TOTALES,INGRESOS_TOTALES,0,711304.7899999999,sector_publico_base_caja_-_2206mayo_2021.xls
2021-05-01,2021,5,RESULTADO FINANCIERO,RESULTADO_FINANCIERO,0,-64618.3099999999,may-22.xlsx
2021-05-01,2021,5,RESULTADO FINANCIERO,RESULTADO_FINANCIERO,0,-64618.30999999991,sector_publico_base_caja_-_2206mayo_2021.xls
2021-05-01,2021,5,RESULTADO PRIMARIO,RESULTADO_PRIMARIO,0,25713.590000000095,may-22.xlsx
2021-05-01,2021,5,RESULTADO PRIMARIO,RESULTADO_PRIMARIO,0,25713.590000000084,sector_publico_base_caja_-_2206mayo_2021.xls
2021-06-01,2021,6,GASTOS PRIMARIOS,GASTOS_PRIMARIOS,0,919897.5000000001,resultado_fiscal_junio_2021.xls
2021-06-01,2021,6,INGRESOS TOTALES,INGRESOS_TOTALES,0,766680.0199999999,resultado_fiscal_junio_2021.xls
2021-06-01,2021,6,RESULTADO FINANCIERO,RESULTADO_FINANCIERO,0,-207947.4700000002,resultado_fiscal_junio_2021.xls
2021-06-01,2021,6,RESULTADO PRIMARIO,RESULTADO_PRIMARIO,0,-153217.4800000002,resultado_fiscal_junio_2021.xls
2021-07-01,2021,7,GASTOS PRIMARIOS,GASTOS_PRIMARIOS,0,856186.7,resultado-fiscal_julio-2022.xlsx
2021-07-01,2021,7,GASTOS PRIMARIOS,GASTOS_PRIMARIOS,0,856186.7,resultado_fiscal_julio_2021.xls
2021-07-01,2021,7,INGRESOS TOTALES,INGRESOS_TOTALES,0,757616.3999999999,resultado-fiscal_julio-2022.xlsx
2021-07-01,2021,7,INGRESOS TOTALES,INGRESOS_TOTALES,0,757616.3999999999,resultado_fiscal_julio_2021.xls
2021-07-01,2021,7,RESULTADO FINANCIERO,RESULTADO_FINANCIERO,0,-163155.69,resultado-fiscal_julio-2022.xlsx
2021-07-01,2021,7,RESULTADO FINANCIERO,RESULTADO_FINANCIERO,0,-163155.69000000006,resultado_fiscal_julio_2021.xls
2021-07-01,2021,7,RESULTADO PRIMARIO,RESULTADO_PRIMARIO,0,-98570.30000000002,resultado-fiscal_julio-2022.xlsx
2021-07-01,2021,7,RESULTADO PRIMARIO,RESULTADO_PRIMARIO,0,-98570.30000000005,resultado_fiscal_julio_2021.xls
2021-08-01,2021,8,GASTOS PRIMARIOS,GASTOS_PRIMARIOS,0,860547.9,resultado-fiscal_agosto-2022.xlsx
2021-08-01,2021,8,GASTOS PRIMARIOS,GASTOS_PRIMARIOS,0,860547.9,resultado_fiscal_agosto_2021.xls
2021-08-01,2021,8,INGRESOS TOTALES,INGRESOS_TOTALES,0,735712.3999999999,resultado-fiscal_agosto-2022.xlsx
2021-08-01,2021,8,INGRESOS TOTALES,INGRESOS_TOTALES,0,735712.4,resultado_fiscal_agosto_2021.xls
2021-08-01,2021,8,RESULTADO FINANCIERO,RESULTADO_FINANCIERO,0,-193393.20000000004,resultado-fiscal_agosto-2022.xlsx
2021-08-01,2021,8,RESULTADO FINANCIERO,RESULTADO_FINANCIERO,0,-193393.20000000013,resultado_fiscal_agosto_2021.xls
2021-08-01,2021,8,RESULTADO PRIMARIO,RESULTADO_PRIMARIO,0,-124835.50000000007,resultado-fiscal_agosto-2022.xlsx
2021-08-01,2021,8,RESULTADO PRIMARIO,RESULTADO_PRIMARIO,0,-124835.5,resultado_fiscal_agosto_2021.xls
2021-09-01,2021,9,GASTOS PRIMARIOS,GASTOS_PRIMARIOS,0,873241.0,sep-2127102021.xls
2021-09-01,2021,9,INGRESOS TOTALES,INGRESOS_TOTALES,0,1164669.4,sep-2127102021.xls
2021-09-01,2021,9,RESULTADO FINANCIERO,RESULTADO_FINANCIERO,0,237250.4999999999,sep-2127102021.xls
2021-09-01,2021,9,RESULTADO PRIMARIO,RESULTADO_PRIMARIO,0,291428.3999999999,sep-2127102021.xls
2021-10-01,2021,10,GASTOS PRIMARIOS,GASTOS_PRIMARIOS,0,980615.3999999999,resultado-fiscal_octubre-2022.xlsx
2021-10-01,2021,10,GASTOS PRIMARIOS,GASTOS_PRIMARIOS,0,980615.3999999999,resultado_fiscal_octubre_2021.xlsx
2021-10-01,2021,10,INGRESOS TOTALES,INGRESOS_TOTALES,0,771446.7000000001,resultado-fiscal_octubre-2022.xlsx
2021-10-01,2021,10,INGRESOS TOTALES,INGRESOS_TOTALES,0,771446.7000000001,resultado_fiscal_octubre_2021.xlsx
2021-10-01,2021,10,RESULTADO FINANCIERO,RESULTADO_FINANCIERO,0,-277094.19999999995,resultado-fiscal_octubre-2022.xlsx
2021-10-01,2021,10,RESULTADO FINANCIERO,RESULTADO_FINANCIERO,0,-277094.19999999984,resultado_fiscal_octubre_2021.xlsx
2021-10-01,2021,10,RESULTADO PRIMARIO,RESULTADO_PRIMARIO,0,-209168.69999999995,resultado-fiscal_octubre-2022.xlsx
2021-10-01,2021,10,RESULTADO PRIMARIO,RESULTADO_PRIMARIO,0,-209168.69999999984,resultado_fiscal_octubre_2021.xlsx
2021-11-01,2021,11,GASTOS PRIMARIOS,GASTOS_PRIMARIOS,0,927739.3,resultado-fiscal_noviembre-2022.xlsx
2021-11-01,2021,11,INGRESOS TOTALES,INGRESOS_TOTALES,0,793086.3999999999,resultado-fiscal_noviembre-2022.xlsx
2021-11-01,2021,11,RESULTADO FINANCIERO,RESULTADO_FINANCIERO,0,-242089.2000000001,resultado-fiscal_noviembre-2022.xlsx
2021-11-01,2021,11,RESULTADO PRIMARIO,RESULTADO_PRIMARIO,0,-134652.9000000001,resultado-fiscal_noviembre-2022.xlsx
2021-12-01,2021,12,GASTOS PRIMARIOS,GASTOS_PRIMARIOS,0,1375552.0999999999,resultado_fiscal_diciembre_2021-1.xlsx
2021-12-01,2021,12,GASTOS PRIMARIOS,GASTOS_PRIMARIOS,0,1375552.0999999999,sector_publico_base_caja_-_diciembre_2022_1.xlsx
2021-12-01,2021,12,INGRESOS TOTALES,INGRESOS_TOTALES,0,879208.5,resultado_fiscal_diciembre_2021-1.xlsx
2021-12-01,2021,12,INGRESOS TOTALES,INGRESOS_TOTALES,0,879208.5,sector_publico_base_caja_-_diciembre_2022_1.xlsx
2021-12-01,2021,12,RESULTADO FINANCIERO,RESULTADO_FINANCIERO,0,-511994.4999999999,resultado_fiscal_diciembre_2021-1.xlsx
2021-12-01,2021,12,RESULTADO FINANCIERO,RESULTADO_FINANCIERO,0,-511994.49999999994,sector_publico_base_caja_-_diciembre_2022_1.xlsx
2021-12-01,2021,12,RESULTADO PRIMARIO,RESULTADO_PRIMARIO,0,-496343.59999999986,resultado_fiscal_diciembre_2021-1.xlsx
2021-12-01,2021,12,RESULTADO PRIMARIO,RESULTADO_PRIMARIO,0,-496343.6,sector_publico_base_caja_-_diciembre_2022_1.xlsx
2022-01-01,2022,1,GASTOS PRIMARIOS,GASTOS_PRIMARIOS,0,912278.6,resultado-fiscal_junio-2022.xlsx
2022-01-01,2022,1,GASTOS PRIMARIOS,GASTOS_PRIMARIOS,0,912278.6334459999,resultado_fiscal_enero_2022.xls
2022-01-01,2022,1,GASTOS PRIMARIOS,GASTOS_PRIMARIOS,0,912278.6,sector_publico_base_caja_-_enero_2023.xlsx
2022-01-01,2022,1,INGRESOS TOTALES,INGRESOS_TOTALES,0,895580.6000000001,resultado-fiscal_junio-2022.xlsx
2022-01-01,2022,1,INGRESOS TOTALES,INGRESOS_TOTALES,0,895580.6000000001,resultado_fiscal_enero_2022.xls
2022-01-01,2022,1,INGRESOS TOTALES,INGRESOS_TOTALES,0,895580.6000000001,sector_publico_base_caja_-_enero_2023.xlsx
2022-01-01,2022,1,RESULTADO FINANCIERO,RESULTADO_FINANCIERO,0,-150663.7999999999,resultado-fiscal_junio-2022.xlsx
2022-01-01,2022,1,RESULTADO FINANCIERO,RESULTADO_FINANCIERO,0,-150663.8334459998,resultado_fiscal_enero_2022.xls
2022-01-01,2022,1,RESULTADO FINANCIERO,RESULTADO_FINANCIERO,0,-150663.7999999999,sector_publico_base_caja_-_enero_2023.xlsx
2022-01-01,2022,1,RESULTADO PRIMARIO,RESULTADO_PRIMARIO,0,-16697.999999999935,resultado-fiscal_junio-2022.xlsx
2022-01-01,2022,1,RESULTADO PRIMARIO,RESULTADO_PRIMARIO,0,-16698.03344599984,resultado_fiscal_enero_2022.xls
2022-01-01,2022,1,RESULTADO PRIMARIO,RESULTADO_PRIMARIO,0,-16697.999999999935,sector_publico_base_caja_-_enero_2023.xlsx
2022-02-01,2022,2,GASTOS PRIMARIOS,GASTOS_PRIMARIOS,0,922314.2,feb_-_23.xlsx
2022-02-01,2022,2,GASTOS PRIMARIOS,GASTOS_PRIMARIOS,0,922314.3,resultado-fiscal_febrero_2022.xlsx
2022-02-01,2022,2,GASTOS PRIMARIOS,GASTOS_PRIMARIOS,0,922314.2,resultado-fiscal_junio-2022.xlsx
2022-02-01,2022,2,INGRESOS TOTALES,INGRESOS_TOTALES,0,846030.7,feb_-_23.xlsx
2022-02-01,2022,2,INGRESOS TOTALES,INGRESOS_TOTALES,0,846030.8,resultado-fiscal_febrero_2022.xlsx
2022-02-01,2022,2,INGRESOS TOTALES,INGRESOS_TOTALES,0,846030.7,resultado-fiscal_junio-2022.xlsx
2022-02-01,2022,2,RESULTADO FINANCIERO,RESULTADO_FINANCIERO,0,-136898.8,feb_-_23.xlsx
2022-02-01,2022,2,RESULTADO FINANCIERO,RESULTADO_FINANCIERO,0,-136898.8,resultado-fiscal_febrero_2022.xlsx
2022-02-01,2022,2,RESULTADO FINANCIERO,RESULTADO_FINANCIERO,0,-136898.8,resultado-fiscal_junio-2022.xlsx
2022-02-01,2022,2,RESULTADO PRIMARIO,RESULTADO_PRIMARIO,0,-76283.49999999997,feb_-_23.xlsx
2022-02-01,2022,2,RESULTADO PRIMARIO,RESULTADO_PRIMARIO,0,-76283.5,resultado-fiscal_febrero_2022.xlsx
2022-02-01,2022,2,RESULTADO PRIMARIO,RESULTADO_PRIMARIO,0,-76283.49999999997,resultado-fiscal_junio-2022.xlsx
2022-03-01,2022,3,GASTOS PRIMARIOS,GASTOS_PRIMARIOS,0,1174466.9,resultado-fiscal_junio-2022.xlsx
2022-03-01,2022,3,GASTOS PRIMARIOS,GASTOS_PRIMARIOS,0,1174466.9,resultado-fiscal_marzo-2022.xlsx
2022-03-01,2022,3,GASTOS PRIMARIOS,GASTOS_PRIMARIOS,0,1174466.9,sector_publico_base_caja_-_marzo_23.xlsx
2022-03-01,2022,3,INGRESOS TOTALES,INGRESOS_TOTALES,0,1074713.5999999999,resultado-fiscal_junio-2022.xlsx
2022-03-01,2022,3,INGRESOS TOTALES,INGRESOS_TOTALES,0,1074713.5999999999,resultado-fiscal_marzo-2022.xlsx
2022-03-01,2022,3,INGRESOS TOTALES,INGRESOS_TOTALES,0,1074713.5999999999,sector_publico_base_caja_-_marzo_23.xlsx
2022-03-01,2022,3,RESULTADO FINANCIERO,RESULTADO_FINANCIERO,0,-172029.30000000016,resultado-fiscal_junio-2022.xlsx
2022-03-01,2022,3,RESULTADO FINANCIERO,RESULTADO_FINANCIERO,0,-172029.30000000005,resultado-fiscal_marzo-2022.xlsx
2022-03-01,2022,3,RESULTADO FINANCIERO,RESULTADO_FINANCIERO,0,-172029.30000000016,sector_publico_base_caja_-_marzo_23.xlsx
2022-03-01,2022,3,RESULTADO PRIMARIO,RESULTADO_PRIMARIO,0,-99753.30000000016,resultado-fiscal_junio-2022.xlsx
2022-03-01,2022,3,RESULTADO PRIMARIO,RESULTADO_PRIMARIO,0,-99753.30000000005,resultado-fiscal_marzo-2022.xlsx
2022-03-01,2022,3,RESULTADO PRIMARIO,RESULTADO_PRIMARIO,0,-99753.30000000016,sector_publico_base_caja_-_marzo_23.xlsx
2022-04-01,2022,4,GASTOS PRIMARIOS,GASTOS_PRIMARIOS,0,1164766.6,resultado-fiscal_abril-2022.xlsx
2022-04-01,2022,4,GASTOS PRIMARIOS,GASTOS_PRIMARIOS,0,1164766.6,resultado-fiscal_junio-2022.xlsx
2022-04-01,2022,4,GASTOS PRIMARIOS,GASTOS_PRIMARIOS,0,1164766.6,sector_publico_base_caja_-_abril_23.xlsx
2022-04-01,2022,4,INGRESOS TOTALES,INGRESOS_TOTALES,0,1085581.7999999998,resultado-fiscal_abril-2022.xlsx
2022-04-01,2022,4,INGRESOS TOTALES,INGRESOS_TOTALES,0,1085581.7999999998,resultado-fiscal_junio-2022.xlsx
2022-04-01,2022,4,INGRESOS TOTALES,INGRESOS_TOTALES,0,1085581.7999999998,sector_publico_base_caja_-_abril_23.xlsx
2022-04-01,2022,4,RESULTADO FINANCIERO,RESULTADO_FINANCIERO,0,-146314.60000000027,resultado-fiscal_abril-2022.xlsx
2022-04-01,2022,4,RESULTADO FINANCIERO,RESULTADO_FINANCIERO,0,-146314.60000000027,resultado-fiscal_junio-2022.xlsx
2022-04-01,2022,4,RESULTADO FINANCIERO,RESULTADO_FINANCIERO,0,-146314.59999999998,sector_publico_base_caja_-_abril_23.xlsx
2022-04-01,2022,4,RESULTADO PRIMARIO,RESULTADO_PRIMARIO,0,-79184.80000000028,resultado-fiscal_abril-2022.xlsx
2022-04-01,2022,4,RESULTADO PRIMARIO,RESULTADO_PRIMARIO,0,-79184.80000000028,resultado-fiscal_junio-2022.xlsx
2022-04-01,2022,4,RESULTADO PRIMARIO,RESULTADO_PRIMARIO,0,-79184.79999999999,sector_publico_base_caja_-_abril_23.xlsx
2022-05-01,2022,5,GASTOS PRIMARIOS,GASTOS_PRIMARIOS,0,1291042.046579,may-22.xlsx
2022-05-01,2022,5,GASTOS PRIMARIOS,GASTOS_PRIMARIOS,0,1291042.046579,resultado-fiscal_junio-2022.xlsx
2022-05-01,2022,5,GASTOS PRIMARIOS,GASTOS_PRIMARIOS,0,1291042.0,sector_publico_base_caja_-_mayo_23.xlsx
2022-05-01,2022,5,INGRESOS TOTALES,INGRESOS_TOTALES,0,1128630.3,may-22.xlsx
2022-05-01,2022,5,INGRESOS TOTALES,INGRESOS_TOTALES,0,1128630.3,resultado-fiscal_junio-2022.xlsx
2022-05-01,2022,5,INGRESOS TOTALES,INGRESOS_TOTALES,0,1128630.3,sector_publico_base_caja_-_mayo_23.xlsx
2022-05-01,2022,5,RESULTADO FINANCIERO,RESULTADO_FINANCIERO,0,-242432.54657900002,may-22.xlsx
2022-05-01,2022,5,RESULTADO FINANCIERO,RESULTADO_FINANCIERO,0,-242432.54657900002,resultado-fiscal_junio-2022.xlsx
2022-05-01,2022,5,RESULTADO FINANCIERO,RESULTADO_FINANCIERO,0,-242432.49999999994,sector_publico_base_caja_-_mayo_23.xlsx
2022-05-01,2022,5,RESULTADO PRIMARIO,RESULTADO_PRIMARIO,0,-162411.74657900003,may-22.xlsx
2022-05-01,2022,5,RESULTADO PRIMARIO,RESULTADO_PRIMARIO,0,-162411.74657900003,resultado-fiscal_junio-2022.xlsx
2022-05-01,2022,5,RESULTADO PRIMARIO,RESULTADO_PRIMARIO,0,-162411.69999999995,sector_publico_base_caja_-_mayo_23.xlsx
2022-06-01,2022,6,GASTOS PRIMARIOS,GASTOS_PRIMARIOS,0,1523532.4,resultado-fiscal_junio-2022.xlsx
2022-06-01,2022,6,GASTOS PRIMARIOS,GASTOS_PRIMARIOS,0,1523532.4,sector_publico_base_caja_-_junio_23.xlsx
2022-06-01,2022,6,INGRESOS TOTALES,INGRESOS_TOTALES,0,1201888.0,resultado-fiscal_junio-2022.xlsx
2022-06-01,2022,6,INGRESOS TOTALES,INGRESOS_TOTALES,0,1201888.0,sector_publico_base_caja_-_junio_23.xlsx
2022-06-01,2022,6,RESULTADO FINANCIERO,RESULTADO_FINANCIERO,0,-396577.3999999999,resultado-fiscal_junio-2022.xlsx
2022-06-01,2022,6,RESULTADO FINANCIERO,RESULTADO_FINANCIERO,0,-396577.3999999998,sector_publico_base_caja_-_junio_23.xlsx
2022-06-01,2022,6,RESULTADO PRIMARIO,RESULTADO_PRIMARIO,0,-321644.3999999999,resultado-fiscal_junio-2022.xlsx
2022-06-01,2022,6,RESULTADO PRIMARIO,RESULTADO_PRIMARIO,0,-321644.39999999973,sector_publico_base_caja_-_junio_23.xlsx
2022-07-01,2022,7,GASTOS PRIMARIOS,GASTOS_PRIMARIOS,0,1386870.8,julio-2023.xls
2022-07-01,2022,7,GASTOS PRIMARIOS,GASTOS_PRIMARIOS,0,1386870.9,resultado-fiscal_julio-2022.xlsx
2022-07-01,2022,7,INGRESOS TOTALES,INGRESOS_TOTALES,0,1384925.5,julio-2023.xls
2022-07-01,2022,7,INGRESOS TOTALES,INGRESOS_TOTALES,0,1384925.5999999996,resultado-fiscal_julio-2022.xlsx
2022-07-01,2022,7,RESULTADO FINANCIERO,RESULTADO_FINANCIERO,0,-131662.8000000002,julio-2023.xls
2022-07-01,2022,7,RESULTADO FINANCIERO,RESULTADO_FINANCIERO,0,-131662.80000000028,resultado-fiscal_julio-2022.xlsx
2022-07-01,2022,7,RESULTADO PRIMARIO,RESULTADO_PRIMARIO,0,-1945.300000000192,julio-2023.xls
2022-07-01,2022,7,RESULTADO PRIMARIO,RESULTADO_PRIMARIO,0,-1945.3000000002794,resultado-fiscal_julio-2022.xlsx
2022-08-01,2022,8,GASTOS PRIMARIOS,GASTOS_PRIMARIOS,0,1488234.4000000001,agosto-2023.xls
2022-08-01,2022,8,GASTOS PRIMARIOS,GASTOS_PRIMARIOS,0,1488234.4000000001,resultado-fiscal_agosto-2022.xlsx
2022-08-01,2022,8,INGRESOS TOTALES,INGRESOS_TOTALES,0,1278182.6,agosto-2023.xls
2022-08-01,2022,8,INGRESOS TOTALES,INGRESOS_TOTALES,0,1278182.6,resultado-fiscal_agosto-2022.xlsx
2022-08-01,2022,8,RESULTADO FINANCIERO,RESULTADO_FINANCIERO,0,-370104.4000000002,agosto-2023.xls
2022-08-01,2022,8,RESULTADO FINANCIERO,RESULTADO_FINANCIERO,0,-370104.4,resultado-fiscal_agosto-2022.xlsx
2022-08-01,2022,8,RESULTADO PRIMARIO,RESULTADO_PRIMARIO,0,-210051.8000000002,agosto-2023.xls
2022-08-01,2022,8,RESULTADO PRIMARIO,RESULTADO_PRIMARIO,0,-210051.80000000005,resultado-fiscal_agosto-2022.xlsx
2022-09-01,2022,9,GASTOS PRIMARIOS,GASTOS_PRIMARIOS,0,1562195.9,septiembre-2023_0.xls
2022-09-01,2022,9,INGRESOS TOTALES,INGRESOS_TOTALES,0,1642820.2000000002,septiembre-2023_0.xls
2022-09-01,2022,9,RESULTADO FINANCIERO,RESULTADO_FINANCIERO,0,-4444.099999999904,septiembre-2023_0.xls
2022-09-01,2022,9,RESULTADO PRIMARIO,RESULTADO_PRIMARIO,0,80624.30000000028,septiembre-2023_0.xls
2022-10-01,2022,10,GASTOS PRIMARIOS,GASTOS_PRIMARIOS,0,1603707.0000000002,octubre-2023.xls
2022-10-01,2022,10,GASTOS PRIMARIOS,GASTOS_PRIMARIOS,0,1603707.0000000002,resultado-fiscal_octubre-2022.xlsx
2022-10-01,2022,10,INGRESOS TOTALES,INGRESOS_TOTALES,0,1500657.9,octubre-2023.xls
2022-10-01,2022,10,INGRESOS TOTALES,INGRESOS_TOTALES,0,1500657.9,resultado-fiscal_octubre-2022.xlsx
2022-10-01,2022,10,RESULTADO FINANCIERO,RESULTADO_FINANCIERO,0,-185251.40000000008,octubre-2023.xls
2022-10-01,2022,10,RESULTADO FINANCIERO,RESULTADO_FINANCIERO,0,-185251.4000000003,resultado-fiscal_octubre-2022.xlsx
2022-10-01,2022,10,RESULTADO PRIMARIO,RESULTADO_PRIMARIO,0,-103049.1000000001,octubre-2023.xls
2022-10-01,2022,10,RESULTADO PRIMARIO,RESULTADO_PRIMARIO,0,-103049.10000000033,resultado-fiscal_octubre-2022.xlsx
2022-11-01,2022,11,GASTOS PRIMARIOS,GASTOS_PRIMARIOS,0,1650330.6999999997,noviembre-2023.xlsx
2022-11-01,2022,11,GASTOS PRIMARIOS,GASTOS_PRIMARIOS,0,1650330.6999999997,resultado-fiscal_noviembre-2022.xlsx
2022-11-01,2022,11,INGRESOS TOTALES,INGRESOS_TOTALES,0,1422492.4,noviembre-2023.xlsx
2022-11-01,2022,11,INGRESOS TOTALES,INGRESOS_TOTALES,0,1422492.4,resultado-fiscal_noviembre-2022.xlsx
2022-11-01,2022,11,RESULTADO FINANCIERO,RESULTADO_FINANCIERO,0,-531277.0999999999,noviembre-2023.xlsx
2022-11-01,2022,11,RESULTADO FINANCIERO,RESULTADO_FINANCIERO,0,-531277.0999999999,resultado-fiscal_noviembre-2022.xlsx
2022-11-01,2022,11,RESULTADO PRIMARIO,RESULTADO_PRIMARIO,0,-227838.29999999987,noviembre-2023.xlsx
2022-11-01,2022,11,RESULTADO PRIMARIO,RESULTADO_PRIMARIO,0,-227838.2999999998,resultado-fiscal_noviembre-2022.xlsx
2022-12-01,2022,12,GASTOS PRIMARIOS,GASTOS_PRIMARIOS,0,2129630.6,diciembre-2023_0.xlsx
2022-12-01,2022,12,GASTOS PRIMARIOS,GASTOS_PRIMARIOS,0,2129630.6,sector_publico_base_caja_-_diciembre_2022_1.xlsx
2022-12-01,2022,12,INGRESOS TOTALES,INGRESOS_TOTALES,0,1688118.6000000003,diciembre-2023_0.xlsx
2022-12-01,2022,12,INGRESOS TOTALES,INGRESOS_TOTALES,0,1688118.6000000003,sector_publico_base_caja_-_diciembre_2022_1.xlsx
2022-12-01,2022,12,RESULTADO FINANCIERO,RESULTADO_FINANCIERO,0,-685100.8999999998,diciembre-2023_0.xlsx
2022-12-01,2022,12,RESULTADO FINANCIERO,RESULTADO_FINANCIERO,0,-685100.8999999998,sector_publico_base_caja_-_diciembre_2022_1.xlsx
2022-12-01,2022,12,RESULTADO PRIMARIO,RESULTADO_PRIMARIO,0,-441511.99999999977,diciembre-2023_0.xlsx
2022-12-01,2022,12,RESULTADO PRIMARIO,RESULTADO_PRIMARIO,0,-441511.99999999977,sector_publico_base_caja_-_diciembre_2022_1.xlsx
2023-01-01,2023,1,GASTOS PRIMARIOS,GASTOS_PRIMARIOS,0,1927142.8000000003,sector_publico_base_caja_-_enero_2023.xlsx
2023-01-01,2023,1,GASTOS PRIMARIOS,GASTOS_PRIMARIOS,0,1927142.8000000003,sector_publico_base_caja_enero_2024.xlsx
2023-01-01,2023,1,INGRESOS TOTALES,INGRESOS_TOTALES,0,1723204.5000000002,sector_publico_base_caja_-_enero_2023.xlsx
2023-01-01,2023,1,INGRESOS TOTALES,INGRESOS_TOTALES,0,1723204.5000000002,sector_publico_base_caja_enero_2024.xlsx
2023-01-01,2023,1,RESULTADO FINANCIERO,RESULTADO_FINANCIERO,0,-537969.7,sector_publico_base_caja_-_enero_2023.xlsx
2023-01-01,2023,1,RESULTADO FINANCIERO,RESULTADO_FINANCIERO,0,-537969.7,sector_publico_base_caja_enero_2024.xlsx
2023-01-01,2023,1,RESULTADO PRIMARIO,RESULTADO_PRIMARIO,0,-203938.30000000005,sector_publico_base_caja_-_enero_2023.xlsx
2023-01-01,2023,1,RESULTADO PRIMARIO,RESULTADO_PRIMARIO,0,-203938.30000000005,sector_publico_base_caja_enero_2024.xlsx
2023-02-01,2023,2,GASTOS PRIMARIOS,GASTOS_PRIMARIOS,0,1798525.0999999999,feb_-_23.xlsx
2023-02-01,2023,2,GASTOS PRIMARIOS,GASTOS_PRIMARIOS,0,1798525.0999999999,sector_publico_base_caja_febrero_2024.xlsx
2023-02-01,2023,2,INGRESOS TOTALES,INGRESOS_TOTALES,0,1570391.1,feb_-_23.xlsx
2023-02-01,2023,2,INGRESOS TOTALES,INGRESOS_TOTALES,0,1570391.1,sector_publico_base_caja_febrero_2024.xlsx
2023-02-01,2023,2,RESULTADO FINANCIERO,RESULTADO_FINANCIERO,0,-485590.8999999998,feb_-_23.xlsx
2023-02-01,2023,2,RESULTADO FINANCIERO,RESULTADO_FINANCIERO,0,-485590.8999999998,sector_publico_base_caja_febrero_2024.xlsx
2023-02-01,2023,2,RESULTADO PRIMARIO,RESULTADO_PRIMARIO,0,-228133.99999999977,feb_-_23.xlsx
2023-02-01,2023,2,RESULTADO PRIMARIO,RESULTADO_PRIMARIO,0,-228133.99999999977,sector_publico_base_caja_febrero_2024.xlsx
2023-03-01,2023,3,GASTOS PRIMARIOS,GASTOS_PRIMARIOS,0,294374.3,resultado_fiscal_mayo-20.xls
2023-03-01,2023,3,GASTOS PRIMARIOS,GASTOS_PRIMARIOS,0,1984631.5,sector_publico_base_caja_-_marzo_23.xlsx
2023-03-01,2023,3,GASTOS PRIMARIOS,GASTOS_PRIMARIOS,0,1984631.5,sector_publico_base_caja_marzo_2024.xlsx
2023-03-01,2023,3,INGRESOS TOTALES,INGRESOS_TOTALES,0,320348.1,resultado_fiscal_mayo-20.xls
2023-03-01,2023,3,INGRESOS TOTALES,INGRESOS_TOTALES,0,1726775.9999999998,sector_publico_base_caja_-_marzo_23.xlsx
2023-03-01,2023,3,INGRESOS TOTALES,INGRESOS_TOTALES,0,1726775.9999999998,sector_publico_base_caja_marzo_2024.xlsx
2023-03-01,2023,3,RESULTADO FINANCIERO,RESULTADO_FINANCIERO,0,-38634.2,resultado_fiscal_mayo-20.xls
2023-03-01,2023,3,RESULTADO FINANCIERO,RESULTADO_FINANCIERO,0,-388005.8000000002,sector_publico_base_caja_-_marzo_23.xlsx
2023-03-01,2023,3,RESULTADO FINANCIERO,RESULTADO_FINANCIERO,0,-388005.8000000002,sector_publico_base_caja_marzo_2024.xlsx
2023-03-01,2023,3,RESULTADO PRIMARIO,RESULTADO_PRIMARIO,0,25973.8,resultado_fiscal_mayo-20.xls
2023-03-01,2023,3,RESULTADO PRIMARIO,RESULTADO_PRIMARIO,0,-257855.50000000023,sector_publico_base_caja_-_marzo_23.xlsx
2023-03-01,2023,3,RESULTADO PRIMARIO,RESULTADO_PRIMARIO,0,-257855.50000000023,sector_publico_base_caja_marzo_2024.xlsx
2023-04-01,2023,4,GASTOS PRIMARIOS,GASTOS_PRIMARIOS,0,2197693.4,sector_publico_base_caja_-_abril_23.xlsx
2023-04-01,2023,4,GASTOS PRIMARIOS,GASTOS_PRIMARIOS,0,2197693.4,sector_publico_base_caja_abril_2024.xlsx
2023-04-01,2023,4,INGRESOS TOTALES,INGRESOS_TOTALES,0,1866320.6,sector_publico_base_caja_-_abril_23.xlsx
2023-04-01,2023,4,INGRESOS TOTALES,INGRESOS_TOTALES,0,1866320.6,sector_publico_base_caja_abril_2024.xlsx
2023-04-01,2023,4,RESULTADO FINANCIERO,RESULTADO_FINANCIERO,0,-407387.9999999998,sector_publico_base_caja_-_abril_23.xlsx
2023-04-01,2023,4,RESULTADO FINANCIERO,RESULTADO_FINANCIERO,0,-407387.9999999998,sector_publico_base_caja_abril_2024.xlsx
2023-04-01,2023,4,RESULTADO PRIMARIO,RESULTADO_PRIMARIO,0,-331372.7999999998,sector_publico_base_caja_-_abril_23.xlsx
2023-04-01,2023,4,RESULTADO PRIMARIO,RESULTADO_PRIMARIO,0,-331372.7999999998,sector_publico_base_caja_abril_2024.xlsx
2023-05-01,2023,5,GASTOS PRIMARIOS,GASTOS_PRIMARIOS,0,2559222.5,sector_publico_base_caja_-_mayo_23.xlsx
2023-05-01,2023,5,GASTOS PRIMARIOS,GASTOS_PRIMARIOS,0,2559222.5,sector_publico_base_caja_mayo_2024.xlsx
2023-05-01,2023,5,INGRESOS TOTALES,INGRESOS_TOTALES,0,2311571.6,sector_publico_base_caja_-_mayo_23.xlsx
2023-05-01,2023,5,INGRESOS TOTALES,INGRESOS_TOTALES,0,2311571.6,sector_publico_base_caja_mayo_2024.xlsx
2023-05-01,2023,5,RESULTADO FINANCIERO,RESULTADO_FINANCIERO,0,-631071.7999999999,sector_publico_base_caja_-_mayo_23.xlsx
2023-05-01,2023,5,RESULTADO FINANCIERO,RESULTADO_FINANCIERO,0,-631071.7999999999,sector_publico_base_caja_mayo_2024.xlsx
2023-05-01,2023,5,RESULTADO PRIMARIO,RESULTADO_PRIMARIO,0,-247650.8999999999,sector_publico_base_caja_-_mayo_23.xlsx
2023-05-01,2023,5,RESULTADO PRIMARIO,RESULTADO_PRIMARIO,0,-247650.8999999999,sector_publico_base_caja_mayo_2024.xlsx
2023-06-01,2023,6,GASTOS PRIMARIOS,GASTOS_PRIMARIOS,0,3195946.5999999996,sector_publico_base_caja_-_junio_23.xlsx
2023-06-01,2023,6,GASTOS PRIMARIOS,GASTOS_PRIMARIOS,0,3195946.5999999996,sector_publico_base_caja_junio_2024.xlsx
2023-06-01,2023,6,INGRESOS TOTALES,INGRESOS_TOTALES,0,2584204.1,sector_publico_base_caja_-_junio_23.xlsx
2023-06-01,2023,6,INGRESOS TOTALES,INGRESOS_TOTALES,0,2584204.1,sector_publico_base_caja_junio_2024.xlsx
2023-06-01,2023,6,RESULTADO FINANCIERO,RESULTADO_FINANCIERO,0,-708603.3999999994,sector_publico_base_caja_-_junio_23.xlsx
2023-06-01,2023,6,RESULTADO FINANCIERO,RESULTADO_FINANCIERO,0,-708603.3999999994,sector_publico_base_caja_junio_2024.xlsx
2023-06-01,2023,6,RESULTADO PRIMARIO,RESULTADO_PRIMARIO,0,-611742.4999999995,sector_publico_base_caja_-_junio_23.xlsx
2023-06-01,2023,6,RESULTADO PRIMARIO,RESULTADO_PRIMARIO,0,-611742.4999999995,sector_publico_base_caja_junio_2024.xlsx
2023-07-01,2023,7,GASTOS PRIMARIOS,GASTOS_PRIMARIOS,0,3036082.0,julio-2023.xls
2023-07-01,2023,7,GASTOS PRIMARIOS,GASTOS_PRIMARIOS,0,3036082.0,sector_publico_base_caja_julio_2024_.xlsx
2023-07-01,2023,7,INGRESOS TOTALES,INGRESOS_TOTALES,0,2701716.0,julio-2023.xls
2023-07-01,2023,7,INGRESOS TOTALES,INGRESOS_TOTALES,0,2701716.0,sector_publico_base_caja_julio_2024_.xlsx
2023-07-01,2023,7,RESULTADO FINANCIERO,RESULTADO_FINANCIERO,0,-754243.2,julio-2023.xls
2023-07-01,2023,7,RESULTADO FINANCIERO,RESULTADO_FINANCIERO,0,-754243.2,sector_publico_base_caja_julio_2024_.xlsx
2023-07-01,2023,7,RESULTADO PRIMARIO,RESULTADO_PRIMARIO,0,-334366.0,julio-2023.xls
2023-07-01,2023,7,RESULTADO PRIMARIO,RESULTADO_PRIMARIO,0,-334366.0,sector_publico_base_caja_julio_2024_.xlsx
2023-08-01,2023,8,GASTOS PRIMARIOS,GASTOS_PRIMARIOS,0,3055355.8,agosto-2023.xls
2023-08-01,2023,8,GASTOS PRIMARIOS,GASTOS_PRIMARIOS,0,3055355.8,sector_publico_base_caja_agosto_2024.xlsx
2023-08-01,2023,8,INGRESOS TOTALES,INGRESOS_TOTALES,0,3018391.4000000004,agosto-2023.xls
2023-08-01,2023,8,INGRESOS TOTALES,INGRESOS_TOTALES,0,3018391.4000000004,sector_publico_base_caja_agosto_2024.xlsx
2023-08-01,2023,8,RESULTADO FINANCIERO,RESULTADO_FINANCIERO,0,-384504.4999999994,agosto-2023.xls
2023-08-01,2023,8,RESULTADO FINANCIERO,RESULTADO_FINANCIERO,0,-384504.5,sector_publico_base_caja_agosto_2024.xlsx
2023-08-01,2023,8,RESULTADO PRIMARIO,RESULTADO_PRIMARIO,0,-36964.39999999944,agosto-2023.xls
2023-08-01,2023,8,RESULTADO PRIMARIO,RESULTADO_PRIMARIO,0,-36964.40000000002,sector_publico_base_caja_agosto_2024.xlsx
2023-09-01,2023,9,GASTOS PRIMARIOS,GASTOS_PRIMARIOS,0,3590371.0,sector_publico_base_caja_septiembre_2024.xlsx
2023-09-01,2023,9,GASTOS PRIMARIOS,GASTOS_PRIMARIOS,0,3590371.0,septiembre-2023_0.xls
2023-09-01,2023,9,INGRESOS TOTALES,INGRESOS_TOTALES,0,3209897.6,sector_publico_base_caja_septiembre_2024.xlsx
2023-09-01,2023,9,INGRESOS TOTALES,INGRESOS_TOTALES,0,3209897.6,septiembre-2023_0.xls
2023-09-01,2023,9,RESULTADO FINANCIERO,RESULTADO_FINANCIERO,0,-511532.69999999995,sector_publico_base_caja_septiembre_2024.xlsx
2023-09-01,2023,9,RESULTADO FINANCIERO,RESULTADO_FINANCIERO,0,-511532.69999999995,septiembre-2023_0.xls
2023-09-01,2023,9,RESULTADO PRIMARIO,RESULTADO_PRIMARIO,0,-380473.3999999999,sector_publico_base_caja_septiembre_2024.xlsx
2023-09-01,2023,9,RESULTADO PRIMARIO,RESULTADO_PRIMARIO,0,-380473.3999999999,septiembre-2023_0.xls
2023-10-01,2023,10,GASTOS PRIMARIOS,GASTOS_PRIMARIOS,0,3824959.1999999997,octubre-2023.xls
2023-10-01,2023,10,GASTOS PRIMARIOS,GASTOS_PRIMARIOS,0,3824959.1999999997,sector_publico_base_caja_octubre_2024.xlsx
2023-10-01,2023,10,INGRESOS TOTALES,INGRESOS_TOTALES,0,3494620.9999999995,octubre-2023.xls
2023-10-01,2023,10,INGRESOS TOTALES,INGRESOS_TOTALES,0,3494620.9999999995,sector_publico_base_caja_octubre_2024.xlsx
2023-10-01,2023,10,RESULTADO FINANCIERO,RESULTADO_FINANCIERO,0,-454248.9000000002,octubre-2023.xls
2023-10-01,2023,10,RESULTADO FINANCIERO,RESULTADO_FINANCIERO,0,-454248.9000000002,sector_publico_base_caja_octubre_2024.xlsx
2023-10-01,2023,10,RESULTADO PRIMARIO,RESULTADO_PRIMARIO,0,-330338.2000000002,octubre-2023.xls
2023-10-01,2023,10,RESULTADO PRIMARIO,RESULTADO_PRIMARIO,0,-330338.2000000002,sector_publico_base_caja_octubre_2024.xlsx
2023-11-01,2023,11,GASTOS PRIMARIOS,GASTOS_PRIMARIOS,0,4096444.9000000004,noviembre-2023.xlsx
2023-11-01,2023,11,GASTOS PRIMARIOS,GASTOS_PRIMARIOS,0,4096444.9000000004,sector_publico_base_caja_noviembre_2024.xlsx
2023-11-01,2023,11,INGRESOS TOTALES,INGRESOS_TOTALES,0,3885960.5,noviembre-2023.xlsx
2023-11-01,2023,11,INGRESOS TOTALES,INGRESOS_TOTALES,0,3885960.5,sector_publico_base_caja_noviembre_2024.xlsx
2023-11-01,2023,11,RESULTADO FINANCIERO,RESULTADO_FINANCIERO,0,-754956.4000000004,noviembre-2023.xlsx
2023-11-01,2023,11,RESULTADO FINANCIERO,RESULTADO_FINANCIERO,0,-754956.4000000004,sector_publico_base_caja_noviembre_2024.xlsx
2023-11-01,2023,11,RESULTADO PRIMARIO,RESULTADO_PRIMARIO,0,-210484.40000000037,noviembre-2023.xlsx
2023-11-01,2023,11,RESULTADO PRIMARIO,RESULTADO_PRIMARIO,0,-210484.40000000037,sector_publico_base_caja_noviembre_2024.xlsx
2023-12-01,2023,12,GASTOS PRIMARIOS,GASTOS_PRIMARIOS,0,6218439.0,diciembre-2023_0.xlsx
2023-12-01,2023,12,GASTOS PRIMARIOS,GASTOS_PRIMARIOS,0,6218439.0,sector_publico_base_caja_diciembre_2024_1.xlsx
2023-12-01,2023,12,INGRESOS TOTALES,INGRESOS_TOTALES,0,4227122.9,diciembre-2023_0.xlsx
2023-12-01,2023,12,INGRESOS TOTALES,INGRESOS_TOTALES,0,4227122.9,sector_publico_base_caja_diciembre_2024_1.xlsx
2023-12-01,2023,12,RESULTADO FINANCIERO,RESULTADO_FINANCIERO,0,-2400352.8999999994,diciembre-2023_0.xlsx
2023-12-01,2023,12,RESULTADO FINANCIERO,RESULTADO_FINANCIERO,0,-2400352.9,sector_publico_base_caja_diciembre_2024_1.xlsx
2023-12-01,2023,12,RESULTADO PRIMARIO,RESULTADO_PRIMARIO,0,-1991316.0999999996,diciembre-2023_0.xlsx
2023-12-01,2023,12,RESULTADO PRIMARIO,RESULTADO_PRIMARIO,0,-1991316.1,sector_publico_base_caja_diciembre_2024_1.xlsx
2024-01-01,2024,1,GASTOS PRIMARIOS,GASTOS_PRIMARIOS,0,4136486.5,sector_publico_base_caja_enero_2024.xlsx
2024-01-01,2024,1,GASTOS PRIMARIOS,GASTOS_PRIMARIOS,0,4136486.5,sector_publico_base_caja_enero_2025.xlsx
2024-01-01,2024,1,INGRESOS TOTALES,INGRESOS_TOTALES,0,6147232.0,sector_publico_base_caja_enero_2024.xlsx
2024-01-01,2024,1,INGRESOS TOTALES,INGRESOS_TOTALES,0,6147232.0,sector_publico_base_caja_enero_2025.xlsx
2024-01-01,2024,1,RESULTADO FINANCIERO,RESULTADO_FINANCIERO,0,518407.6000000001,sector_publico_base_caja_enero_2024.xlsx
2024-01-01,2024,1,RESULTADO FINANCIERO,RESULTADO_FINANCIERO,0,518407.6000000001,sector_publico_base_caja_enero_2025.xlsx
2024-01-01,2024,1,RESULTADO PRIMARIO,RESULTADO_PRIMARIO,0,2010745.5,sector_publico_base_caja_enero_2024.xlsx
2024-01-01,2024,1,RESULTADO PRIMARIO,RESULTADO_PRIMARIO,0,2010745.5,sector_publico_base_caja_enero_2025.xlsx
2024-02-01,2024,2,GASTOS PRIMARIOS,GASTOS_PRIMARIOS,0,4303133.0,sector_publico_base_caja_febrero_2024.xlsx
2024-02-01,2024,2,GASTOS PRIMARIOS,GASTOS_PRIMARIOS,0,4303133.0,sector_publico_base_caja_febrero_2025.xlsx
2024-02-01,2024,2,INGRESOS TOTALES,INGRESOS_TOTALES,0,5535657.5,sector_publico_base_caja_febrero_2024.xlsx
2024-02-01,2024,2,INGRESOS TOTALES,INGRESOS_TOTALES,0,5535657.5,sector_publico_base_caja_febrero_2025.xlsx
2024-02-01,2024,2,RESULTADO FINANCIERO,RESULTADO_FINANCIERO,0,338112.4,sector_publico_base_caja_febrero_2024.xlsx
2024-02-01,2024,2,RESULTADO FINANCIERO,RESULTADO_FINANCIERO,0,338112.4,sector_publico_base_caja_febrero_2025.xlsx
2024-02-01,2024,2,RESULTADO PRIMARIO,RESULTADO_PRIMARIO,0,1232524.5,sector_publico_base_caja_febrero_2024.xlsx
2024-02-01,2024,2,RESULTADO PRIMARIO,RESULTADO_PRIMARIO,0,1232524.5,sector_publico_base_caja_febrero_2025.xlsx
2024-03-01,2024,3,GASTOS PRIMARIOS,GASTOS_PRIMARIOS,0,5496594.499999999,sector_publico_base_caja_marzo_2024.xlsx
2024-03-01,2024,3,GASTOS PRIMARIOS,GASTOS_PRIMARIOS,0,5496594.499999999,sector_publico_base_caja_marzo_2025.xlsx
2024-03-01,2024,3,INGRESOS TOTALES,INGRESOS_TOTALES,0,6121628.600000001,sector_publico_base_caja_marzo_2024.xlsx
2024-03-01,2024,3,INGRESOS TOTALES,INGRESOS_TOTALES,0,6121628.600000001,sector_publico_base_caja_marzo_2025.xlsx
2024-03-01,2024,3,RESULTADO FINANCIERO,RESULTADO_FINANCIERO,0,276638.2000000015,sector_publico_base_caja_marzo_2024.xlsx
2024-03-01,2024,3,RESULTADO FINANCIERO,RESULTADO_FINANCIERO,0,276638.2000000015,sector_publico_base_caja_marzo_2025.xlsx
2024-03-01,2024,3,RESULTADO PRIMARIO,RESULTADO_PRIMARIO,0,625034.1000000015,sector_publico_base_caja_marzo_2024.xlsx
2024-03-01,2024,3,RESULTADO PRIMARIO,RESULTADO_PRIMARIO,0,625034.1000000015,sector_publico_base_caja_marzo_2025.xlsx
2024-04-01,2024,4,GASTOS PRIMARIOS,GASTOS_PRIMARIOS,0,6527252.900000001,sector_publico_base_caja_abril_2024.xlsx
2024-04-01,2024,4,GASTOS PRIMARIOS,GASTOS_PRIMARIOS,0,6527252.900000001,sector_publico_base_caja_abril_2025.xlsx
2024-04-01,2024,4,INGRESOS TOTALES,INGRESOS_TOTALES,0,6792204.5,sector_publico_base_caja_abril_2024.xlsx
2024-04-01,2024,4,INGRESOS TOTALES,INGRESOS_TOTALES,0,6792204.5,sector_publico_base_caja_abril_2025.xlsx
2024-04-01,2024,4,RESULTADO FINANCIERO,RESULTADO_FINANCIERO,0,17408.799999998708,sector_publico_base_caja_abril_2024.xlsx
2024-04-01,2024,4,RESULTADO FINANCIERO,RESULTADO_FINANCIERO,0,17408.799999998708,sector_publico_base_caja_abril_2025.xlsx
2024-04-01,2024,4,RESULTADO PRIMARIO,RESULTADO_PRIMARIO,0,264951.5999999987,sector_publico_base_caja_abril_2024.xlsx
2024-04-01,2024,4,RESULTADO PRIMARIO,RESULTADO_PRIMARIO,0,264951.5999999987,sector_publico_base_caja_abril_2025.xlsx
2024-05-01,2024,5,GASTOS PRIMARIOS,GASTOS_PRIMARIOS,0,6871919.3,sector_publico_base_caja_mayo_2024.xlsx
2024-05-01,2024,5,GASTOS PRIMARIOS,GASTOS_PRIMARIOS,0,6871919.3,sector_publico_base_caja_mayo_2025.xlsx
2024-05-01,2024,5,INGRESOS TOTALES,INGRESOS_TOTALES,0,9204124.7,sector_publico_base_caja_mayo_2024.xlsx
2024-05-01,2024,5,INGRESOS TOTALES,INGRESOS_TOTALES,0,9204124.7,sector_publico_base_caja_mayo_2025.xlsx
2024-05-01,2024,5,RESULTADO FINANCIERO,RESULTADO_FINANCIERO,0,1183570.9999999995,sector_publico_base_caja_mayo_2024.xlsx
2024-05-01,2024,5,RESULTADO FINANCIERO,RESULTADO_FINANCIERO,0,1183570.9999999995,sector_publico_base_caja_mayo_2025.xlsx
2024-05-01,2024,5,RESULTADO PRIMARIO,RESULTADO_PRIMARIO,0,2332205.3999999994,sector_publico_base_caja_mayo_2024.xlsx
2024-05-01,2024,5,RESULTADO PRIMARIO,RESULTADO_PRIMARIO,0,2332205.3999999994,sector_publico_base_caja_mayo_2025.xlsx
2024-06-01,2024,6,GASTOS PRIMARIOS,GASTOS_PRIMARIOS,0,7693924.699999999,sector_publico_base_caja_junio_2024.xlsx
2024-06-01,2024,6,GASTOS PRIMARIOS,GASTOS_PRIMARIOS,0,7693924.699999999,sector_publico_base_caja_junio_2025.xlsx
2024-06-01,2024,6,INGRESOS TOTALES,INGRESOS_TOTALES,0,8182493.500000002,sector_publico_base_caja_junio_2024.xlsx
2024-06-01,2024,6,INGRESOS TOTALES,INGRESOS_TOTALES,0,8182493.5,sector_publico_base_caja_junio_2025.xlsx
2024-06-01,2024,6,RESULTADO FINANCIERO,RESULTADO_FINANCIERO,0,238188.8,sector_publico_base_caja_junio_2024.xlsx
2024-06-01,2024,6,RESULTADO FINANCIERO,RESULTADO_FINANCIERO,0,238188.8,sector_publico_base_caja_junio_2025.xlsx
2024-06-01,2024,6,RESULTADO PRIMARIO,RESULTADO_PRIMARIO,0,488568.8,sector_publico_base_caja_junio_2024.xlsx
2024-06-01,2024,6,RESULTADO PRIMARIO,RESULTADO_PRIMARIO,0,488568.8,sector_publico_base_caja_junio_2025.xlsx
2024-07-01,2024,7,GASTOS PRIMARIOS,GASTOS_PRIMARIOS,0,8425495.4,sector_publico_base_caja_julio_2024_.xlsx
2024-07-01,2024,7,GASTOS PRIMARIOS,GASTOS_PRIMARIOS,0,8425495.4,sector_publico_base_caja_julio_2025.xlsx
2024-07-01,2024,7,INGRESOS TOTALES,INGRESOS_TOTALES,0,9333747.9,sector_publico_base_caja_julio_2024_.xlsx
2024-07-01,2024,7,INGRESOS TOTALES,INGRESOS_TOTALES,0,9333747.9,sector_publico_base_caja_julio_2025.xlsx
2024-07-01,2024,7,RESULTADO FINANCIERO,RESULTADO_FINANCIERO,0,-600957.2999999998,sector_publico_base_caja_julio_2024_.xlsx
2024-07-01,2024,7,RESULTADO FINANCIERO,RESULTADO_FINANCIERO,0,-600957.2999999998,sector_publico_base_caja_julio_2025.xlsx
2024-07-01,2024,7,RESULTADO PRIMARIO,RESULTADO_PRIMARIO,0,908252.5,sector_publico_base_caja_julio_2024_.xlsx
2024-07-01,2024,7,RESULTADO PRIMARIO,RESULTADO_PRIMARIO,0,908252.5,sector_publico_base_caja_julio_2025.xlsx
2024-08-01,2024,8,GASTOS PRIMARIOS,GASTOS_PRIMARIOS,0,7848806.9,sector_publico_base_caja_agosto_2024.xlsx
2024-08-01,2024,8,GASTOS PRIMARIOS,GASTOS_PRIMARIOS,0,7848806.9,sector_publico_base_caja_agosto_2025.xlsx
2024-08-01,2024,8,INGRESOS TOTALES,INGRESOS_TOTALES,0,8748466.899999999,sector_publico_base_caja_agosto_2024.xlsx
2024-08-01,2024,8,INGRESOS TOTALES,INGRESOS_TOTALES,0,8748466.899999999,sector_publico_base_caja_agosto_2025.xlsx
2024-08-01,2024,8,RESULTADO FINANCIERO,RESULTADO_FINANCIERO,0,3530.5,sector_publico_base_caja_agosto_2024.xlsx
2024-08-01,2024,8,RESULTADO FINANCIERO,RESULTADO_FINANCIERO,0,3530.5,sector_publico_base_caja_agosto_2025.xlsx
2024-08-01,2024,8,RESULTADO PRIMARIO,RESULTADO_PRIMARIO,0,899660.0,sector_publico_base_caja_agosto_2024.xlsx
2024-08-01,2024,8,RESULTADO PRIMARIO,RESULTADO_PRIMARIO,0,899659.9999999981,sector_publico_base_caja_agosto_2025.xlsx
2024-09-01,2024,9,GASTOS PRIMARIOS,GASTOS_PRIMARIOS,0,8297767.899999999,sector_publico_base_caja_septiembre_2024.xlsx
2024-09-01,2024,9,GASTOS PRIMARIOS,GASTOS_PRIMARIOS,0,8297767.899999999,sector_publico_base_caja_septiembre_2025_1.xlsx
2024-09-01,2024,9,INGRESOS TOTALES,INGRESOS_TOTALES,0,9114215.0,sector_publico_base_caja_septiembre_2024.xlsx
2024-09-01,2024,9,INGRESOS TOTALES,INGRESOS_TOTALES,0,9114215.0,sector_publico_base_caja_septiembre_2025_1.xlsx
2024-09-01,2024,9,RESULTADO FINANCIERO,RESULTADO_FINANCIERO,0,466630.70000000054,sector_publico_base_caja_septiembre_2024.xlsx
2024-09-01,2024,9,RESULTADO FINANCIERO,RESULTADO_FINANCIERO,0,466630.70000000054,sector_publico_base_caja_septiembre_2025_1.xlsx
2024-09-01,2024,9,RESULTADO PRIMARIO,RESULTADO_PRIMARIO,0,816447.1000000006,sector_publico_base_caja_septiembre_2024.xlsx
2024-09-01,2024,9,RESULTADO PRIMARIO,RESULTADO_PRIMARIO,0,816447.1000000006,sector_publico_base_caja_septiembre_2025_1.xlsx
2024-10-01,2024,10,GASTOS PRIMARIOS,GASTOS_PRIMARIOS,0,8611393.100000001,sector_publico_base_caja_octubre_2024.xlsx
2024-10-01,2024,10,GASTOS PRIMARIOS,GASTOS_PRIMARIOS,0,8611393.100000001,sector_publico_base_caja_octubre_2025_1.xlsx
2024-10-01,2024,10,INGRESOS TOTALES,INGRESOS_TOTALES,0,9358313.600000001,sector_publico_base_caja_octubre_2024.xlsx
2024-10-01,2024,10,INGRESOS TOTALES,INGRESOS_TOTALES,0,9358313.600000001,sector_publico_base_caja_octubre_2025_1.xlsx
2024-10-01,2024,10,RESULTADO FINANCIERO,RESULTADO_FINANCIERO,0,523398.0,sector_publico_base_caja_octubre_2024.xlsx
2024-10-01,2024,10,RESULTADO FINANCIERO,RESULTADO_FINANCIERO,0,523398.0,sector_publico_base_caja_octubre_2025_1.xlsx
2024-10-01,2024,10,RESULTADO PRIMARIO,RESULTADO_PRIMARIO,0,746920.5,sector_publico_base_caja_octubre_2024.xlsx
2024-10-01,2024,10,RESULTADO PRIMARIO,RESULTADO_PRIMARIO,0,746920.5,sector_publico_base_caja_octubre_2025_1.xlsx
2024-11-01,2024,11,GASTOS PRIMARIOS,GASTOS_PRIMARIOS,0,8227753.699999999,sector_publico_base_caja_noviembre_2024.xlsx
2024-11-01,2024,11,GASTOS PRIMARIOS,GASTOS_PRIMARIOS,0,8227753.699999999,sector_publico_base_caja_noviembre_2025.xlsx
2024-11-01,2024,11,INGRESOS TOTALES,INGRESOS_TOTALES,0,9609299.1,sector_publico_base_caja_noviembre_2024.xlsx
2024-11-01,2024,11,INGRESOS TOTALES,INGRESOS_TOTALES,0,9609299.1,sector_publico_base_caja_noviembre_2025.xlsx
2024-11-01,2024,11,RESULTADO FINANCIERO,RESULTADO_FINANCIERO,0,357162.2000000003,sector_publico_base_caja_noviembre_2024.xlsx
2024-11-01,2024,11,RESULTADO FINANCIERO,RESULTADO_FINANCIERO,0,357162.2000000003,sector_publico_base_caja_noviembre_2025.xlsx
2024-11-01,2024,11,RESULTADO PRIMARIO,RESULTADO_PRIMARIO,0,1381545.4000000004,sector_publico_base_caja_noviembre_2024.xlsx
2024-11-01,2024,11,RESULTADO PRIMARIO,RESULTADO_PRIMARIO,0,1381545.4000000004,sector_publico_base_caja_noviembre_2025.xlsx
2024-12-01,2024,12,GASTOS PRIMARIOS,GASTOS_PRIMARIOS,0,11172166.7,sector_publico_base_caja_diciembre_2024_1.xlsx
2024-12-01,2024,12,GASTOS PRIMARIOS,GASTOS_PRIMARIOS,0,11172166.7,sector_publico_base_caja_diciembre_2025.xlsx
2024-12-01,2024,12,INGRESOS TOTALES,INGRESOS_TOTALES,0,9871120.9,sector_publico_base_caja_diciembre_2024_1.xlsx
2024-12-01,2024,12,INGRESOS TOTALES,INGRESOS_TOTALES,0,9871120.9,sector_publico_base_caja_diciembre_2025.xlsx
2024-12-01,2024,12,RESULTADO FINANCIERO,RESULTADO_FINANCIERO,0,-1557305.2999999989,sector_publico_base_caja_diciembre_2024_1.xlsx
2024-12-01,2024,12,RESULTADO FINANCIERO,RESULTADO_FINANCIERO,0,-1557305.2999999989,sector_publico_base_caja_diciembre_2025.xlsx
2024-12-01,2024,12,RESULTADO PRIMARIO,RESULTADO_PRIMARIO,0,-1301045.7999999989,sector_publico_base_caja_diciembre_2024_1.xlsx
2024-12-01,2024,12,RESULTADO PRIMARIO,RESULTADO_PRIMARIO,0,-1301045.7999999989,sector_publico_base_caja_diciembre_2025.xlsx
2025-01-01,2025,1,GASTOS PRIMARIOS,GASTOS_PRIMARIOS,0,8665626.5,sector_publico_base_caja_enero_2025.xlsx
2025-01-01,2025,1,GASTOS PRIMARIOS,GASTOS_PRIMARIOS,0,8665626.5,sector_publico_base_caja_enero_2026.xlsx
2025-01-01,2025,1,INGRESOS TOTALES,INGRESOS_TOTALES,0,11100491.8,sector_publico_base_caja_enero_2025.xlsx
2025-01-01,2025,1,INGRESOS TOTALES,INGRESOS_TOTALES,0,11100491.8,sector_publico_base_caja_enero_2026.xlsx
2025-01-01,2025,1,RESULTADO FINANCIERO,RESULTADO_FINANCIERO,0,599753.2000000007,sector_publico_base_caja_enero_2025.xlsx
2025-01-01,2025,1,RESULTADO FINANCIERO,RESULTADO_FINANCIERO,0,599753.2000000005,sector_publico_base_caja_enero_2026.xlsx
2025-01-01,2025,1,RESULTADO PRIMARIO,RESULTADO_PRIMARIO,0,2434865.3000000007,sector_publico_base_caja_enero_2025.xlsx
2025-01-01,2025,1,RESULTADO PRIMARIO,RESULTADO_PRIMARIO,0,2434865.3000000007,sector_publico_base_caja_enero_2026.xlsx
2025-02-01,2025,2,GASTOS PRIMARIOS,GASTOS_PRIMARIOS,0,8555852.7,sector_publico_base_caja_febrero_2025.xlsx
2025-02-01,2025,2,GASTOS PRIMARIOS,GASTOS_PRIMARIOS,0,8555852.7,sector_publico_base_caja_febrero_2026.xlsx
2025-02-01,2025,2,INGRESOS TOTALES,INGRESOS_TOTALES,0,9732768.0,sector_publico_base_caja_febrero_2025.xlsx
2025-02-01,2025,2,INGRESOS TOTALES,INGRESOS_TOTALES,0,9732768.0,sector_publico_base_caja_febrero_2026.xlsx
2025-02-01,2025,2,RESULTADO FINANCIERO,RESULTADO_FINANCIERO,0,310726.20000000077,sector_publico_base_caja_febrero_2025.xlsx
2025-02-01,2025,2,RESULTADO FINANCIERO,RESULTADO_FINANCIERO,0,310726.20000000077,sector_publico_base_caja_febrero_2026.xlsx
2025-02-01,2025,2,RESULTADO PRIMARIO,RESULTADO_PRIMARIO,0,1176915.3000000007,sector_publico_base_caja_febrero_2025.xlsx
2025-02-01,2025,2,RESULTADO PRIMARIO,RESULTADO_PRIMARIO,0,1176915.3000000007,sector_publico_base_caja_febrero_2026.xlsx
2025-03-01,2025,3,GASTOS PRIMARIOS,GASTOS_PRIMARIOS,0,8731281.600000001,sector_publico_base_caja_marzo_2025.xlsx
2025-03-01,2025,3,INGRESOS TOTALES,INGRESOS_TOTALES,0,9476621.1,sector_publico_base_caja_marzo_2025.xlsx
2025-03-01,2025,3,RESULTADO FINANCIERO,RESULTADO_FINANCIERO,0,398909.2999999981,sector_publico_base_caja_marzo_2025.xlsx
2025-03-01,2025,3,RESULTADO PRIMARIO,RESULTADO_PRIMARIO,0,745339.4999999981,sector_publico_base_caja_marzo_2025.xlsx
2025-04-01,2025,4,GASTOS PRIMARIOS,GASTOS_PRIMARIOS,0,9500569.299999999,IMIG Abril 2026.xlsx
2025-04-01,2025,4,GASTOS PRIMARIOS,GASTOS_PRIMARIOS,0,9500569.299999999,sector_publico_base_caja_abril_2025.xlsx
2025-04-01,2025,4,INGRESOS TOTALES,INGRESOS_TOTALES,0,10346518.4,IMIG Abril 2026.xlsx
2025-04-01,2025,4,INGRESOS TOTALES,INGRESOS_TOTALES,0,10346518.4,sector_publico_base_caja_abril_2025.xlsx
2025-04-01,2025,4,RESULTADO FINANCIERO,RESULTADO_FINANCIERO,0,572341.0000000015,IMIG Abril 2026.xlsx
2025-04-01,2025,4,RESULTADO FINANCIERO,RESULTADO_FINANCIERO,0,572341.0,sector_publico_base_caja_abril_2025.xlsx
2025-04-01,2025,4,RESULTADO PRIMARIO,RESULTADO_PRIMARIO,0,845949.1000000015,IMIG Abril 2026.xlsx
2025-04-01,2025,4,RESULTADO PRIMARIO,RESULTADO_PRIMARIO,0,845949.1000000015,sector_publico_base_caja_abril_2025.xlsx
2025-05-01,2025,5,GASTOS PRIMARIOS,GASTOS_PRIMARIOS,0,9677212.8,sector_publico_base_caja_mayo_2025.xlsx
2025-05-01,2025,5,INGRESOS TOTALES,INGRESOS_TOTALES,0,11374130.200000001,sector_publico_base_caja_mayo_2025.xlsx
2025-05-01,2025,5,RESULTADO FINANCIERO,RESULTADO_FINANCIERO,0,662122.9000000005,sector_publico_base_caja_mayo_2025.xlsx
2025-05-01,2025,5,RESULTADO PRIMARIO,RESULTADO_PRIMARIO,0,1696917.4000000004,sector_publico_base_caja_mayo_2025.xlsx
2025-06-01,2025,6,GASTOS PRIMARIOS,GASTOS_PRIMARIOS,0,10792690.0,sector_publico_base_caja_junio_2025.xlsx
2025-06-01,2025,6,INGRESOS TOTALES,INGRESOS_TOTALES,0,11583222.900000002,sector_publico_base_caja_junio_2025.xlsx
2025-06-01,2025,6,RESULTADO FINANCIERO,RESULTADO_FINANCIERO,0,551234.2,sector_publico_base_caja_junio_2025.xlsx
2025-06-01,2025,6,RESULTADO PRIMARIO,RESULTADO_PRIMARIO,0,790532.9,sector_publico_base_caja_junio_2025.xlsx
2025-07-01,2025,7,GASTOS PRIMARIOS,GASTOS_PRIMARIOS,0,11356488.600000001,sector_publico_base_caja_julio_2025.xlsx
2025-07-01,2025,7,INGRESOS TOTALES,INGRESOS_TOTALES,0,13105874.100000001,sector_publico_base_caja_julio_2025.xlsx
2025-07-01,2025,7,RESULTADO FINANCIERO,RESULTADO_FINANCIERO,0,-168515.2000000002,sector_publico_base_caja_julio_2025.xlsx
2025-07-01,2025,7,RESULTADO PRIMARIO,RESULTADO_PRIMARIO,0,1749385.5,sector_publico_base_caja_julio_2025.xlsx
2025-08-01,2025,8,GASTOS PRIMARIOS,GASTOS_PRIMARIOS,0,9809204.0,sector_publico_base_caja_agosto_2025.xlsx
2025-08-01,2025,8,INGRESOS TOTALES,INGRESOS_TOTALES,0,11366068.0,sector_publico_base_caja_agosto_2025.xlsx
2025-08-01,2025,8,RESULTADO FINANCIERO,RESULTADO_FINANCIERO,0,390300.49999999977,sector_publico_base_caja_agosto_2025.xlsx
2025-08-01,2025,8,RESULTADO PRIMARIO,RESULTADO_PRIMARIO,0,1556864.0,sector_publico_base_caja_agosto_2025.xlsx
2025-09-01,2025,9,GASTOS PRIMARIOS,GASTOS_PRIMARIOS,0,10937656.100000001,sector_publico_base_caja_septiembre_2025_1.xlsx
2025-09-01,2025,9,INGRESOS TOTALES,INGRESOS_TOTALES,0,11634621.200000001,sector_publico_base_caja_septiembre_2025_1.xlsx
2025-09-01,2025,9,RESULTADO FINANCIERO,RESULTADO_FINANCIERO,0,309623.3999999997,sector_publico_base_caja_septiembre_2025_1.xlsx
2025-09-01,2025,9,RESULTADO PRIMARIO,RESULTADO_PRIMARIO,0,696965.0999999996,sector_publico_base_caja_septiembre_2025_1.xlsx
2025-10-01,2025,10,GASTOS PRIMARIOS,GASTOS_PRIMARIOS,0,11163268.300000003,sector_publico_base_caja_octubre_2025_1.xlsx
2025-10-01,2025,10,INGRESOS TOTALES,INGRESOS_TOTALES,0,11987193.100000003,sector_publico_base_caja_octubre_2025_1.xlsx
2025-10-01,2025,10,RESULTADO FINANCIERO,RESULTADO_FINANCIERO,0,517671.7,sector_publico_base_caja_octubre_2025_1.xlsx
2025-10-01,2025,10,RESULTADO PRIMARIO,RESULTADO_PRIMARIO,0,823924.8,sector_publico_base_caja_octubre_2025_1.xlsx
2025-11-01,2025,11,GASTOS PRIMARIOS,GASTOS_PRIMARIOS,0,9274640.899999999,sector_publico_base_caja_noviembre_2025.xlsx
2025-11-01,2025,11,INGRESOS TOTALES,INGRESOS_TOTALES,0,11402650.3,sector_publico_base_caja_noviembre_2025.xlsx
2025-11-01,2025,11,RESULTADO FINANCIERO,RESULTADO_FINANCIERO,0,599953.8000000021,sector_publico_base_caja_noviembre_2025.xlsx
2025-11-01,2025,11,RESULTADO PRIMARIO,RESULTADO_PRIMARIO,0,2128009.4000000022,sector_publico_base_caja_noviembre_2025.xlsx
2025-12-01,2025,12,GASTOS PRIMARIOS,GASTOS_PRIMARIOS,0,14945320.3,sector_publico_base_caja_diciembre_2025.xlsx
2025-12-01,2025,12,INGRESOS TOTALES,INGRESOS_TOTALES,0,12068870.700000001,sector_publico_base_caja_diciembre_2025.xlsx
2025-12-01,2025,12,RESULTADO FINANCIERO,RESULTADO_FINANCIERO,0,-3290301.8999999994,sector_publico_base_caja_diciembre_2025.xlsx
2025-12-01,2025,12,RESULTADO PRIMARIO,RESULTADO_PRIMARIO,0,-2876449.5999999996,sector_publico_base_caja_diciembre_2025.xlsx
2026-01-01,2026,1,GASTOS PRIMARIOS,GASTOS_PRIMARIOS,0,11391520.3,sector_publico_base_caja_enero_2026.xlsx
2026-01-01,2026,1,INGRESOS TOTALES,INGRESOS_TOTALES,0,14517257.600000001,sector_publico_base_caja_enero_2026.xlsx
2026-01-01,2026,1,RESULTADO FINANCIERO,RESULTADO_FINANCIERO,0,1105159.0000000007,sector_publico_base_caja_enero_2026.xlsx
2026-01-01,2026,1,RESULTADO PRIMARIO,RESULTADO_PRIMARIO,0,3125737.3000000007,sector_publico_base_caja_enero_2026.xlsx
2026-02-01,2026,2,GASTOS PRIMARIOS,GASTOS_PRIMARIOS,0,10382371.8,sector_publico_base_caja_febrero_2026.xlsx
2026-02-01,2026,2,INGRESOS TOTALES,INGRESOS_TOTALES,0,11793011.5,sector_publico_base_caja_febrero_2026.xlsx
2026-02-01,2026,2,RESULTADO FINANCIERO,RESULTADO_FINANCIERO,0,144421.29999999935,sector_publico_base_caja_febrero_2026.xlsx
2026-02-01,2026,2,RESULTADO PRIMARIO,RESULTADO_PRIMARIO,0,1410639.6999999993,sector_publico_base_caja_febrero_2026.xlsx
2026-04-01,2026,4,GASTOS PRIMARIOS,GASTOS_PRIMARIOS,0,12778943.200000001,IMIG Abril 2026.xlsx
2026-04-01,2026,4,INGRESOS TOTALES,INGRESOS_TOTALES,0,13411787.3,IMIG Abril 2026.xlsx
2026-04-01,2026,4,RESULTADO FINANCIERO,RESULTADO_FINANCIERO,0,268102.89999999956,IMIG Abril 2026.xlsx
2026-04-01,2026,4,RESULTADO PRIMARIO,RESULTADO_PRIMARIO,0,632844.0999999996,IMIG Abril 2026.xlsx
2027-06-01,2027,6,GASTOS PRIMARIOS,GASTOS_PRIMARIOS,0,579407.5,resultado_fiscal_mayo-20.xls
2027-06-01,2027,6,GASTOS PRIMARIOS,GASTOS_PRIMARIOS,0,579407.5,sector_publico_base_caja_-_2206mayo_2021.xls
2027-06-01,2027,6,INGRESOS TOTALES,INGRESOS_TOTALES,0,328120.5,resultado_fiscal_mayo-20.xls
2027-06-01,2027,6,INGRESOS TOTALES,INGRESOS_TOTALES,0,328120.5,sector_publico_base_caja_-_2206mayo_2021.xls
2027-06-01,2027,6,RESULTADO FINANCIERO,RESULTADO_FINANCIERO,0,-308219.1,resultado_fiscal_mayo-20.xls
2027-06-01,2027,6,RESULTADO FINANCIERO,RESULTADO_FINANCIERO,0,-308219.1,sector_publico_base_caja_-_2206mayo_2021.xls
2027-06-01,2027,6,RESULTADO PRIMARIO,RESULTADO_PRIMARIO,0,-251287.0,resultado_fiscal_mayo-20.xls
2027-06-01,2027,6,RESULTADO PRIMARIO,RESULTADO_PRIMARIO,0,-251287.0,sector_publico_base_caja_-_2206mayo_2021.xls
2027-09-01,2027,9,GASTOS PRIMARIOS,GASTOS_PRIMARIOS,0,522032.60000000003,resultado-fiscal-agosto20.xls
2027-09-01,2027,9,GASTOS PRIMARIOS,GASTOS_PRIMARIOS,0,522032.60000000003,resultado_fiscal_agosto_2021.xls
2027-09-01,2027,9,INGRESOS TOTALES,INGRESOS_TOTALES,0,432533.20000000007,resultado-fiscal-agosto20.xls
2027-09-01,2027,9,INGRESOS TOTALES,INGRESOS_TOTALES,0,432533.20000000007,resultado_fiscal_agosto_2021.xls
2027-09-01,2027,9,RESULTADO FINANCIERO,RESULTADO_FINANCIERO,0,-145551.99999999994,resultado-fiscal-agosto20.xls
2027-09-01,2027,9,RESULTADO FINANCIERO,RESULTADO_FINANCIERO,0,-145551.99999999994,resultado_fiscal_agosto_2021.xls
2027-09-01,2027,9,RESULTADO PRIMARIO,RESULTADO_PRIMARIO,0,-89499.39999999997,resultado-fiscal-agosto20.xls
2027-09-01,2027,9,RESULTADO PRIMARIO,RESULTADO_PRIMARIO,0,-89499.39999999997,resultado_fiscal_agosto_2021.xls
2028-06-01,2028,6,GASTOS PRIMARIOS,GASTOS_PRIMARIOS,0,276928.60000000003,resultado-fiscal-abril-2020.xls
2028-06-01,2028,6,INGRESOS TOTALES,INGRESOS_TOTALES,0,277427.10000000003,resultado-fiscal-abril-2020.xls
2028-06-01,2028,6,RESULTADO FINANCIERO,RESULTADO_FINANCIERO,0,-66072.90000000001,resultado-fiscal-abril-2020.xls
2028-06-01,2028,6,RESULTADO PRIMARIO,RESULTADO_PRIMARIO,0,498.5,resultado-fiscal-abril-2020.xls
2029-01-01,2029,1,GASTOS PRIMARIOS,GASTOS_PRIMARIOS,0,535952.7,resultado_fiscal-oct20.xls
2029-01-01,2029,1,GASTOS PRIMARIOS,GASTOS_PRIMARIOS,0,535952.7,resultado_fiscal_octubre_2021.xlsx
2029-01-01,2029,1,INGRESOS TOTALES,INGRESOS_TOTALES,0,454325.99999999994,resultado_fiscal-oct20.xls
2029-01-01,2029,1,INGRESOS TOTALES,INGRESOS_TOTALES,0,454325.99999999994,resultado_fiscal_octubre_2021.xlsx
2029-01-01,2029,1,RESULTADO FINANCIERO,RESULTADO_FINANCIERO,0,-112696.00000000001,resultado_fiscal-oct20.xls
2029-01-01,2029,1,RESULTADO FINANCIERO,RESULTADO_FINANCIERO,0,-112696.00000000001,resultado_fiscal_octubre_2021.xlsx
2029-01-01,2029,1,RESULTADO PRIMARIO,RESULTADO_PRIMARIO,0,-81626.70000000001,resultado_fiscal-oct20.xls
2029-01-01,2029,1,RESULTADO PRIMARIO,RESULTADO_PRIMARIO,0,-81626.70000000001,resultado_fiscal_octubre_2021.xlsx
2030-04-01,2030,4,GASTOS PRIMARIOS,GASTOS_PRIMARIOS,0,635041.9,resultado-fiscal_marzo-2022.xlsx
2030-04-01,2030,4,GASTOS PRIMARIOS,GASTOS_PRIMARIOS,0,635041.8,resultado_fiscal_marzo_2021.xls
2030-04-01,2030,4,INGRESOS TOTALES,INGRESOS_TOTALES,0,560576.2,resultado-fiscal_marzo-2022.xlsx
2030-04-01,2030,4,INGRESOS TOTALES,INGRESOS_TOTALES,0,560576.2,resultado_fiscal_marzo_2021.xls
2030-04-01,2030,4,RESULTADO FINANCIERO,RESULTADO_FINANCIERO,0,-117060.5999999999,resultado-fiscal_marzo-2022.xlsx
2030-04-01,2030,4,RESULTADO FINANCIERO,RESULTADO_FINANCIERO,0,-117060.6000000001,resultado_fiscal_marzo_2021.xls
2030-04-01,2030,4,RESULTADO PRIMARIO,RESULTADO_PRIMARIO,0,-74465.7,resultado-fiscal_marzo-2022.xlsx
2030-04-01,2030,4,RESULTADO PRIMARIO,RESULTADO_PRIMARIO,0,-74465.6000000001,resultado_fiscal_marzo_2021.xls
2030-07-01,2030,7,GASTOS PRIMARIOS,GASTOS_PRIMARIOS,0,380216.60000000003,resultadojun20_0.xls
2030-07-01,2030,7,INGRESOS TOTALES,INGRESOS_TOTALES,0,373618.3999999999,resultadojun20_0.xls
2030-07-01,2030,7,RESULTADO FINANCIERO,RESULTADO_FINANCIERO,0,-67712.30000000013,resultadojun20_0.xls
2030-07-01,2030,7,RESULTADO PRIMARIO,RESULTADO_PRIMARIO,0,-6598.200000000128,resultadojun20_0.xls
